student_id,first_name,last_name,age,email,country,attendance,assignment_completed,grade
1,Rebeca,Maryon,20,rmaryon0@networkadvertising.org,Slovenia,65.24,TRUE,96.93
2,Gerry,Madsen,24,gmadsen1@msn.com,Poland,60.43,TRUE,90.39
3,Wanids,Uridge,25,wuridge2@nature.com,France,81.96,TRUE,90.57
4,Bailie,Huffy,25,bhuffy3@irs.gov,France,21.67,TRUE,99.41
5,Renata,Broadnicke,18,rbroadnicke4@princeton.edu,Indonesia,1.42,FALSE,39.72
6,Petronille,Goodinge,25,pgoodinge5@ucsd.edu,China,64.15,FALSE,34.55
7,Hildegarde,Brookshaw,23,hbrookshaw6@techcrunch.com,China,69.24,TRUE,18.74
8,Saloma,Lghan,23,slghan7@senate.gov,Japan,46.23,TRUE,7.08
9,Maureen,Malin,20,mmalin8@simplemachines.org,Sweden,10.49,FALSE,46.35
10,Giusto,Synnot,24,gsynnot9@soundcloud.com,Morocco,73.44,TRUE,91.59
11,Clair,Vivien,21,cviviena@aol.com,Peru,13.73,TRUE,11.7
12,Agna,L'Episcopio,18,alepiscopiob@google.de,Ukraine,11.78,FALSE,80.18
13,Pen,Condliffe,20,pcondliffec@skyrock.com,Uruguay,90.73,TRUE,13.82
14,Cordie,Fitton,19,cfittond@newyorker.com,Canada,99.86,FALSE,36.7
15,Corissa,Beiderbeck,20,cbeiderbecke@alibaba.com,China,4.04,FALSE,37.84
16,Yvon,Fearon,24,yfearonf@pbs.org,Sweden,46.1,TRUE,66.52
17,Stanislas,Lowing,25,slowingg@google.pl,France,10.12,TRUE,42.54
18,Gae,Yanne,24,gyanneh@loc.gov,South Africa,37.32,TRUE,63.33
19,Valida,Cluley,24,vcluleyi@smugmug.com,Russia,89.7,TRUE,8.83
20,Hanson,Harteley,19,hharteleyj@upenn.edu,Croatia,2.62,TRUE,69.55
21,Rodina,Glasper,22,rglasperk@github.com,Russia,77.98,TRUE,35.55
22,Paco,Rumsby,22,prumsbyl@census.gov,Gabon,50.79,TRUE,85.2
23,Hi,Banaszczyk,20,hbanaszczykm@yandex.ru,Spain,85.63,TRUE,24.48
24,Rogers,O'Finan,18,rofinann@apple.com,China,2.97,FALSE,16.06
25,Gerek,Deex,20,gdeexo@csmonitor.com,China,41.73,TRUE,58.3
26,Bartolomeo,Lots,19,blotsp@examiner.com,China,82.94,TRUE,30.39
27,Egor,Emerson,23,eemersonq@liveinternet.ru,Thailand,85.77,FALSE,33.02
28,Jerrold,Livzey,21,jlivzeyr@spiegel.de,Chad,39.41,FALSE,61.21
29,Arthur,Gladhill,24,agladhills@reference.com,Poland,37.75,TRUE,19.87
30,Quinta,Denniss,25,qdennisst@jalbum.net,United States,60.78,TRUE,77.71
31,Shirleen,Sparhawk,18,ssparhawku@umn.edu,South Africa,72.02,FALSE,32.74
32,Bradly,Swiers,18,bswiersv@soundcloud.com,Russia,86.55,FALSE,33.09
33,Augusta,Kaminski,25,akaminskiw@artisteer.com,Russia,87.68,FALSE,84.16
34,Arleta,Hairesnape,21,ahairesnapex@123-reg.co.uk,Morocco,3.1,TRUE,87.5
35,Bram,Grunguer,22,bgrunguery@digg.com,Madagascar,77.35,TRUE,91.72
36,Alberik,Lillico,23,alillicoz@sakura.ne.jp,China,42.58,TRUE,46.24
37,Carmina,Lunney,20,clunney10@shop-pro.jp,Russia,98.22,TRUE,74.53
38,Urbain,Bayliss,22,ubayliss11@squarespace.com,China,34.86,FALSE,88.15
39,Emylee,Albutt,25,ealbutt12@admin.ch,Indonesia,49.08,TRUE,96.47
40,Brig,Hanham,21,bhanham13@php.net,Indonesia,89.52,TRUE,42.93
41,Heidie,Harrismith,22,hharrismith14@noaa.gov,Norway,98.78,TRUE,29.78
42,Lizzie,Sibbson,18,lsibbson15@taobao.com,Canada,84.16,FALSE,20.73
43,Ardine,Sarton,23,asarton16@tripod.com,Indonesia,39.08,TRUE,29.81
44,Lesley,MacKimmie,20,lmackimmie17@theatlantic.com,China,7.48,TRUE,30.78
45,Betty,Pendle,21,bpendle18@youtube.com,Ethiopia,42.96,FALSE,57.7
46,Reese,Nealon,25,rnealon19@illinois.edu,Syria,68.88,FALSE,48.17
47,Alric,Sunnex,25,asunnex1a@sakura.ne.jp,Russia,24.93,TRUE,38.61
48,Holli,Maud,23,hmaud1b@e-recht24.de,Philippines,59.53,FALSE,82.51
49,Magdalena,Otter,21,motter1c@archive.org,Afghanistan,87.67,FALSE,49.58
50,Wilden,Blacktin,22,wblacktin1d@ucoz.com,South Africa,37.67,TRUE,57.3
51,Harper,Pawfoot,20,hpawfoot1e@mozilla.com,Indonesia,10.04,TRUE,95.09
52,Nicky,Marlow,21,nmarlow1f@miibeian.gov.cn,Portugal,1.12,TRUE,2.41
53,Madlin,Sendley,19,msendley1g@chron.com,Nigeria,13.93,FALSE,36.95
54,Ethe,Huffy,21,ehuffy1h@apache.org,Sweden,31.44,TRUE,51.81
55,Danette,Appleby,18,dappleby1i@amazon.de,Malaysia,37.11,TRUE,51.77
56,Norma,Prendergrast,20,nprendergrast1j@nytimes.com,China,54.89,FALSE,59.27
57,Lexine,Golsworthy,20,lgolsworthy1k@topsy.com,Poland,17.7,TRUE,44.86
58,Devy,Westmorland,21,dwestmorland1l@cocolog-nifty.com,China,47.73,FALSE,86.51
59,Whit,Ticic,20,wticic1m@chicagotribune.com,Philippines,34.96,FALSE,71.54
60,Armand,Laviste,21,alaviste1n@bigcartel.com,Finland,72.99,FALSE,30.65
61,Deloria,Wedgbrow,18,dwedgbrow1o@cbslocal.com,Sweden,98.5,FALSE,35.59
62,Mirabella,Whiskin,21,mwhiskin1p@digg.com,Peru,10.79,FALSE,62.04
63,Hayward,Daveran,21,hdaveran1q@hhs.gov,Czech Republic,11.27,FALSE,12.53
64,Ashton,Bausmann,23,abausmann1r@blogspot.com,Morocco,89.9,TRUE,2.13
65,Terri,Beretta,25,tberetta1s@walmart.com,Poland,19.65,FALSE,64.07
66,Jakie,Carratt,20,jcarratt1t@cnbc.com,Portugal,53.77,FALSE,17.45
67,Tracie,Bridie,19,tbridie1u@wp.com,Brazil,45.61,TRUE,22.36
68,Cece,Gainsborough,21,cgainsborough1v@webs.com,China,77.81,TRUE,30.47
69,Franny,Watson,23,fwatson1w@wikimedia.org,Poland,59.98,FALSE,97.13
70,Kara,Berndsen,21,kberndsen1x@yahoo.co.jp,China,19.6,FALSE,85.92
71,Alexi,McLernon,25,amclernon1y@imdb.com,China,5.29,TRUE,60.71
72,Viola,Kunzelmann,19,vkunzelmann1z@seattletimes.com,China,48.52,FALSE,78.08
73,Ainsley,Syddie,23,asyddie20@ocn.ne.jp,Yemen,5.67,FALSE,30.79
74,Raine,Woodman,22,rwoodman21@shareasale.com,China,42.2,FALSE,62.38
75,Patrizio,Gladman,23,pgladman22@moonfruit.com,China,97.15,TRUE,91.36
76,Dominga,MacMorland,22,dmacmorland23@wisc.edu,Saudi Arabia,19.17,FALSE,31.5
77,Dacey,Farfolomeev,18,dfarfolomeev24@example.com,Russia,19.32,FALSE,75.35
78,Norry,Raund,18,nraund25@deliciousdays.com,Peru,35.43,TRUE,34.17
79,Olvan,Deverille,24,odeverille26@mtv.com,Nigeria,65.29,FALSE,45.85
80,Kippar,Hanbury,23,khanbury27@time.com,Macedonia,5.4,FALSE,68.63
81,Etienne,Henaughan,22,ehenaughan28@theatlantic.com,United States,33.02,TRUE,14.78
82,Valida,O'Mahoney,25,vomahoney29@nifty.com,Ukraine,4.77,FALSE,46.14
83,Karim,Benterman,24,kbenterman2a@gravatar.com,Bolivia,12.51,TRUE,83.65
84,Rosita,Lassells,19,rlassells2b@google.com.au,France,93.28,TRUE,46.64
85,Dulciana,Gotcher,18,dgotcher2c@bigcartel.com,Sweden,39.2,FALSE,94.31
86,Raine,Tawn,19,rtawn2d@behance.net,United States,27.75,FALSE,26.23
87,Kristel,O'Quin,23,koquin2e@google.ru,China,74.17,FALSE,24.11
88,Alyse,Symers,18,asymers2f@domainmarket.com,Czech Republic,37.23,FALSE,99.88
89,Eb,Portigall,25,eportigall2g@cbsnews.com,Brazil,91.95,FALSE,54.84
90,Kylen,Chappelow,20,kchappelow2h@pinterest.com,Russia,74.43,FALSE,69.42
91,Drew,Buxcy,21,dbuxcy2i@twitter.com,Indonesia,9.63,TRUE,64.92
92,Ana,O'Neary,21,aoneary2j@ning.com,Croatia,11.53,TRUE,52.13
93,Joby,Water,24,jwater2k@addtoany.com,Peru,67.42,TRUE,15.39
94,Jessamine,Tirrey,24,jtirrey2l@oaic.gov.au,Venezuela,76.84,TRUE,95.95
95,Lebbie,Shirer,25,lshirer2m@globo.com,United Kingdom,37.48,FALSE,31.73
96,Max,Helmke,23,mhelmke2n@reuters.com,Russia,83.36,TRUE,26
97,Brianna,Mettricke,25,bmettricke2o@is.gd,Portugal,75.55,TRUE,33.26
98,Chiarra,Alsopp,20,calsopp2p@accuweather.com,Indonesia,1.15,TRUE,43.91
99,Symon,Kears,21,skears2q@wsj.com,China,45.34,TRUE,97.09
100,Yoshi,Cordeiro,21,ycordeiro2r@go.com,France,79.9,FALSE,92.32
101,Si,Syncke,23,ssyncke2s@soup.io,Philippines,80.21,FALSE,39.49
102,Charlton,Gheerhaert,18,cgheerhaert2t@yahoo.com,China,18.21,FALSE,20.09
103,Evey,Rohlfs,20,erohlfs2u@virginia.edu,China,7.69,TRUE,94.13
104,Kaye,Jannasch,21,kjannasch2v@mayoclinic.com,China,44,TRUE,83.65
105,Skip,Jencey,18,sjencey2w@samsung.com,Thailand,92.9,TRUE,98.77
106,Casie,Stemson,19,cstemson2x@webeden.co.uk,Brazil,89.77,TRUE,6.5
107,Gabbey,Lacy,20,glacy2y@foxnews.com,Indonesia,50.72,FALSE,65.39
108,Jonah,Edwin,23,jedwin2z@istockphoto.com,Bosnia and Herzegovina,47.19,TRUE,81.13
109,Bartholomeus,Pygott,21,bpygott30@slashdot.org,Japan,65.77,FALSE,82.97
110,Clarey,Biggs,25,cbiggs31@blinklist.com,Cameroon,17.81,FALSE,56.18
111,Willis,Jurewicz,21,wjurewicz32@mediafire.com,China,52.88,TRUE,32.41
112,Elfrida,Frankton,23,efrankton33@wunderground.com,Indonesia,80.77,FALSE,4.23
113,Sibylle,Spinola,19,sspinola34@blog.com,Indonesia,99.8,FALSE,15.96
114,Brenden,Perot,22,bperot35@netscape.com,Japan,53.14,FALSE,30.02
115,Verla,MacKereth,23,vmackereth36@yellowpages.com,Philippines,14.21,TRUE,31.95
116,Dorree,Scibsey,18,dscibsey37@ucsd.edu,China,78.79,TRUE,41.76
117,Lidia,Klaaassen,18,lklaaassen38@whitehouse.gov,Croatia,3.91,TRUE,9.37
118,Aurel,Hearn,22,ahearn39@state.gov,Lithuania,24.29,FALSE,97.16
119,Roseann,Sconce,20,rsconce3a@bandcamp.com,Greece,97.14,FALSE,65.22
120,Ade,Goeff,24,agoeff3b@symantec.com,France,18.5,FALSE,92.71
121,Weber,Wyld,25,wwyld3c@businessweek.com,Kyrgyzstan,94.46,TRUE,4.06
122,Roy,Hargreave,25,rhargreave3d@adobe.com,Indonesia,98.96,TRUE,52.68
123,Torry,Josephsen,24,tjosephsen3e@unblog.fr,Russia,51.53,FALSE,65.62
124,Dougy,Kollach,24,dkollach3f@de.vu,Bosnia and Herzegovina,47.67,TRUE,57.93
125,Dorice,Vinker,25,dvinker3g@t-online.de,Costa Rica,62.56,TRUE,38.25
126,Terrence,Drillingcourt,24,tdrillingcourt3h@geocities.com,United States,59.98,TRUE,83.29
127,Moritz,Fancutt,22,mfancutt3i@pcworld.com,Russia,42.95,FALSE,61.75
128,Gayelord,Fries,22,gfries3j@blogger.com,Uruguay,58.49,TRUE,83.15
129,Dorisa,Huygens,20,dhuygens3k@cnn.com,France,45.56,FALSE,62.96
130,Orazio,Shoute,23,oshoute3l@devhub.com,Japan,98.68,TRUE,97.41
131,Dale,Lideard,25,dlideard3m@google.nl,Bosnia and Herzegovina,10.78,TRUE,40.63
132,Valli,Elcum,21,velcum3n@wordpress.org,Peru,48.56,FALSE,38.1
133,Ethyl,Atwell,23,eatwell3o@netvibes.com,Philippines,54.58,TRUE,81.02
134,Ole,Woofendell,22,owoofendell3p@un.org,Comoros,20.84,FALSE,74.84
135,Orel,Dudlestone,21,odudlestone3q@cbc.ca,Canada,60.29,FALSE,73.01
136,Dniren,Mayward,20,dmayward3r@shareasale.com,France,23.75,FALSE,16.88
137,Alexine,Sinkings,25,asinkings3s@mac.com,Indonesia,90.19,TRUE,98.96
138,Euphemia,Lenard,21,elenard3t@addtoany.com,Poland,68.24,FALSE,88.71
139,Paxon,Lusher,20,plusher3u@infoseek.co.jp,Sweden,18.01,TRUE,27.56
140,Tony,Wyre,18,twyre3v@gov.uk,France,10.22,TRUE,53.95
141,Dicky,Sailes,21,dsailes3w@aol.com,Portugal,43.92,TRUE,45.36
142,Lorry,Loynton,25,lloynton3x@imageshack.us,China,66.65,FALSE,51.25
143,Irita,Uzzell,22,iuzzell3y@cnn.com,Cyprus,89.69,TRUE,32.29
144,Dee,MacKilroe,22,dmackilroe3z@purevolume.com,Peru,65.52,TRUE,6.63
145,Tandie,Force,25,tforce40@comcast.net,Eritrea,26.18,TRUE,53.19
146,Lyle,Laurentin,25,llaurentin41@hud.gov,Portugal,74.04,FALSE,24.21
147,Marje,Creffield,20,mcreffield42@unblog.fr,Ukraine,52.09,TRUE,34.73
148,Honor,Comberbeach,23,hcomberbeach43@plala.or.jp,Brazil,63.38,FALSE,9.93
149,Kerry,Karslake,25,kkarslake44@fc2.com,China,3.37,FALSE,47
150,Leelah,Schoular,21,lschoular45@tinypic.com,Colombia,80.07,TRUE,28.35
151,Siobhan,Fumagall,18,sfumagall46@time.com,United States,67.19,FALSE,6.84
152,Venus,Pittock,21,vpittock47@jugem.jp,Liberia,89.86,FALSE,96.73
153,Binnie,Lyles,21,blyles48@wunderground.com,Brazil,94.06,TRUE,27.21
154,Nil,McGarrahan,22,nmcgarrahan49@163.com,Brazil,51.13,TRUE,9.34
155,Merle,Bosquet,24,mbosquet4a@free.fr,Philippines,87.16,FALSE,24.87
156,Margaret,Fullom,23,mfullom4b@marriott.com,Sweden,69.99,TRUE,45.3
157,Tucker,Hebbard,25,thebbard4c@examiner.com,China,90.99,FALSE,29.17
158,Hymie,Cumpsty,23,hcumpsty4d@dot.gov,China,42.14,FALSE,11.7
159,Benni,Barden,19,bbarden4e@tripadvisor.com,Argentina,68.32,FALSE,77.01
160,Augie,Migheli,24,amigheli4f@independent.co.uk,Poland,16.9,FALSE,0.92
161,Ramona,MacFadzan,22,rmacfadzan4g@earthlink.net,Brazil,8.02,TRUE,0.26
162,Patty,Matula,25,pmatula4h@nytimes.com,Indonesia,25.47,FALSE,81.47
163,Lia,Hitzke,22,lhitzke4i@mtv.com,Philippines,33.92,TRUE,48.47
164,Malinde,Beamish,18,mbeamish4j@ifeng.com,Indonesia,71.56,TRUE,84.68
165,Adrien,Whittek,19,awhittek4k@bluehost.com,Laos,93.53,TRUE,8.25
166,Jenny,Rosbottom,20,jrosbottom4l@rambler.ru,Colombia,22.93,FALSE,60.69
167,Lewiss,Bollini,23,lbollini4m@ca.gov,Thailand,98.47,TRUE,96.57
168,Josiah,Lemmon,22,jlemmon4n@dot.gov,Russia,21.62,TRUE,86.57
169,Rosmunda,Knath,18,rknath4o@booking.com,Morocco,0,TRUE,65.79
170,Standford,Cotgrove,21,scotgrove4p@youtu.be,Greece,24.04,TRUE,67.25
171,Cyb,Ornelas,19,cornelas4q@yolasite.com,Indonesia,67.18,FALSE,63.74
172,Beryle,Gloster,22,bgloster4r@army.mil,Chad,27.86,FALSE,84.18
173,Geoff,Dunster,25,gdunster4s@usgs.gov,China,69.06,TRUE,89.44
174,Marlowe,Faldoe,20,mfaldoe4t@foxnews.com,Sweden,47.8,TRUE,1.04
175,Giorgi,Ickeringill,19,gickeringill4u@yahoo.com,Ukraine,68.35,TRUE,97.65
176,Faina,Rathbone,21,frathbone4v@bravesites.com,Finland,70.89,FALSE,8.13
177,Marian,Brayne,22,mbrayne4w@java.com,Brazil,68.19,FALSE,1.96
178,Regina,Dukelow,19,rdukelow4x@sbwire.com,Philippines,74.04,FALSE,28.41
179,Darin,Goodliffe,25,dgoodliffe4y@t-online.de,Russia,52.36,TRUE,47.34
180,Tanner,Paulo,20,tpaulo4z@parallels.com,Poland,34.28,TRUE,42.95
181,Early,Vaggers,23,evaggers50@studiopress.com,Portugal,54.23,FALSE,72.64
182,Kearney,Cisar,22,kcisar51@w3.org,Russia,29.83,TRUE,73.09
183,Calv,Johananov,23,cjohananov52@123-reg.co.uk,France,60.83,TRUE,91.81
184,Raven,Jellicorse,18,rjellicorse53@photobucket.com,China,80.21,FALSE,52.26
185,Noel,Cullen,23,ncullen54@flavors.me,Indonesia,24.81,TRUE,86.91
186,Sax,Perago,21,sperago55@ftc.gov,Colombia,66.93,TRUE,29.6
187,Huberto,Bartens,25,hbartens56@ifeng.com,Spain,39.41,FALSE,43.87
188,Cleopatra,Lyddiard,18,clyddiard57@telegraph.co.uk,Portugal,45.57,FALSE,80.23
189,Cynthie,Shorie,20,cshorie58@indiatimes.com,Russia,81.26,FALSE,25.98
190,Leanor,Kasbye,22,lkasbye59@ucoz.ru,Bulgaria,5.05,TRUE,76.54
191,Ivor,Warne,25,iwarne5a@foxnews.com,China,75.57,FALSE,76.21
192,Noami,Drayton,24,ndrayton5b@posterous.com,Ukraine,38.16,FALSE,17
193,Nelli,Doodson,21,ndoodson5c@delicious.com,Ukraine,14.68,FALSE,83.27
194,Neils,Davage,24,ndavage5d@jugem.jp,Malaysia,14.38,FALSE,67.13
195,Rickey,Colcutt,19,rcolcutt5e@cmu.edu,Indonesia,93.19,TRUE,36.42
196,Egor,Brackpool,24,ebrackpool5f@360.cn,Belarus,82.02,TRUE,3.2
197,Herbie,Adriaens,24,hadriaens5g@trellian.com,China,64.05,FALSE,12.16
198,William,Le Estut,18,wleestut5h@etsy.com,Philippines,76.6,TRUE,54.04
199,Munroe,Fance,25,mfance5i@hc360.com,China,28.3,FALSE,13.61
200,Lena,Olliffe,19,lolliffe5j@diigo.com,Colombia,4.26,FALSE,54.77
201,Merill,Balharrie,20,mbalharrie5k@uol.com.br,France,99.25,TRUE,48.58
202,Aveline,Handrock,20,ahandrock5l@un.org,China,69.51,TRUE,53.89
203,Ermin,Tower,23,etower5m@arizona.edu,Czech Republic,56.12,TRUE,22.88
204,Elihu,Fossord,22,efossord5n@unblog.fr,China,53.35,FALSE,86.58
205,Tawnya,Eynon,24,teynon5o@issuu.com,China,53.73,FALSE,69.32
206,Livvy,Kentish,23,lkentish5p@friendfeed.com,Afghanistan,75.24,TRUE,21.47
207,Judie,Fallen,25,jfallen5q@cmu.edu,China,85.19,FALSE,80.78
208,Rosetta,Clarage,21,rclarage5r@com.com,Uganda,65.31,TRUE,24
209,Etheline,Keeling,24,ekeeling5s@newsvine.com,Philippines,62.57,TRUE,69.76
210,Damiano,Stebbings,21,dstebbings5t@blinklist.com,Indonesia,67.18,FALSE,8.32
211,Sarette,Constant,24,sconstant5u@latimes.com,Finland,76.21,TRUE,54.61
212,Kermy,Heskins,19,kheskins5v@yale.edu,Indonesia,44.1,TRUE,27.31
213,Alonzo,Josowitz,24,ajosowitz5w@weather.com,Argentina,31.14,TRUE,38.92
214,Percy,Cissell,25,pcissell5x@umich.edu,China,0.35,FALSE,86.09
215,Jeannette,Ben,20,jben5y@wired.com,Russia,70.91,FALSE,69.83
216,Juli,Mccaull,18,jmccaull5z@loc.gov,Spain,91.52,FALSE,16.77
217,Leela,Wyllcocks,18,lwyllcocks60@blog.com,China,38.03,FALSE,91.65
218,Barbara,Beldam,24,bbeldam61@umich.edu,China,34.27,TRUE,72.59
219,Odessa,Peasegood,22,opeasegood62@lulu.com,China,90.77,TRUE,50.21
220,Darrell,Durnall,19,ddurnall63@bloglines.com,China,25.32,FALSE,77.64
221,Hewie,Eglese,23,heglese64@loc.gov,China,23.8,TRUE,58.59
222,Marilyn,Madoc-Jones,24,mmadocjones65@cisco.com,Tanzania,16.46,FALSE,56.26
223,Frannie,Gammet,21,fgammet66@technorati.com,Russia,43.62,TRUE,92.97
224,Cobb,Bosquet,23,cbosquet67@webmd.com,Indonesia,6.21,FALSE,2.39
225,Camel,Feare,23,cfeare68@bandcamp.com,Austria,59.57,FALSE,44.62
226,Paulina,Bastow,19,pbastow69@businessinsider.com,Senegal,38.67,TRUE,7.82
227,Ellyn,Jorio,23,ejorio6a@skyrock.com,France,18.15,FALSE,18.39
228,Rolph,Arnefield,25,rarnefield6b@seattletimes.com,Russia,59.85,FALSE,81.53
229,Milzie,Elijahu,19,melijahu6c@booking.com,Ukraine,5.15,FALSE,78.92
230,Isadore,Bilby,22,ibilby6d@amazon.co.uk,Belarus,53.73,FALSE,62
231,Maribelle,Croxford,18,mcroxford6e@mtv.com,Canada,32.63,FALSE,97.3
232,Wolfgang,Scartifield,19,wscartifield6f@addtoany.com,Brazil,14.49,TRUE,53.11
233,Wyn,Bend,19,wbend6g@homestead.com,Moldova,74.64,TRUE,48.59
234,Yurik,Pillifant,19,ypillifant6h@techcrunch.com,Russia,59.79,TRUE,56.7
235,Artus,Aris,24,aaris6i@lulu.com,Portugal,25.65,TRUE,96.4
236,Yorke,Caley,23,ycaley6j@tripadvisor.com,Brazil,33.53,TRUE,83.39
237,Nicholas,McVeighty,24,nmcveighty6k@freewebs.com,Brazil,8.3,TRUE,76.89
238,Maryanna,Conyers,23,mconyers6l@patch.com,France,65.55,TRUE,65.67
239,Cyndie,McNair,22,cmcnair6m@imgur.com,Portugal,89.03,FALSE,71.58
240,Ty,Heisler,18,theisler6n@admin.ch,China,46.41,TRUE,3.57
241,Avram,Allom,20,aallom6o@gov.uk,Indonesia,53.06,FALSE,14.38
242,Rutledge,Rushbrook,25,rrushbrook6p@hud.gov,China,37.26,FALSE,18.52
243,Marillin,Androletti,20,mandroletti6q@twitter.com,Russia,45.18,TRUE,46.45
244,Archer,Sommerly,23,asommerly6r@senate.gov,Mongolia,22.8,TRUE,19.21
245,Portia,Streader,22,pstreader6s@fastcompany.com,Portugal,35.13,TRUE,16.49
246,Armand,Mowatt,23,amowatt6t@opera.com,Peru,81.91,FALSE,71.19
247,Loralyn,Conkey,24,lconkey6u@house.gov,China,13.92,FALSE,95.4
248,Dalia,Parysiak,19,dparysiak6v@twitpic.com,Greece,94.99,TRUE,9.75
249,Adelaida,Cocklin,23,acocklin6w@storify.com,Indonesia,4.67,TRUE,49.44
250,Alfonso,Kerley,22,akerley6x@examiner.com,Russia,42.17,FALSE,40.48
251,Katalin,Mollindinia,20,kmollindinia6y@oaic.gov.au,China,59.54,FALSE,16.45
252,Enos,Jarrold,25,ejarrold6z@icio.us,China,94.07,TRUE,29.69
253,Heindrick,Cannings,18,hcannings70@businesswire.com,China,93.82,FALSE,33.82
254,Fernanda,Westhead,18,fwesthead71@noaa.gov,Indonesia,10.12,TRUE,44.42
255,Elita,Tomenson,21,etomenson72@boston.com,China,17.04,TRUE,96.94
256,Lucy,Agneau,20,lagneau73@cnet.com,Russia,61.04,FALSE,68.84
257,Mariel,Tetther,25,mtetther74@elpais.com,Russia,21.5,FALSE,42.87
258,Belva,St. Aubyn,20,bstaubyn75@geocities.com,France,38.93,TRUE,91.51
259,Christa,Midner,20,cmidner76@cpanel.net,United States,92.43,TRUE,83.95
260,Niki,Keningley,23,nkeningley77@bizjournals.com,Poland,46.33,FALSE,1.33
261,Petunia,Klewer,22,pklewer78@who.int,Indonesia,5.35,FALSE,73.54
262,Llywellyn,Jaine,20,ljaine79@samsung.com,Yemen,13.58,TRUE,10.48
263,Clerkclaude,Gooder,23,cgooder7a@tripod.com,Botswana,37.48,FALSE,78.53
264,Vassili,Goldspink,23,vgoldspink7b@wufoo.com,France,23.27,TRUE,65.03
265,Gage,Goulborne,21,ggoulborne7c@aol.com,China,67.34,FALSE,58.85
266,Pen,Vaz,20,pvaz7d@theglobeandmail.com,China,27.03,FALSE,34.31
267,Reinhold,Salzberg,21,rsalzberg7e@howstuffworks.com,Canada,72.55,FALSE,56.16
268,Dorette,Herrema,23,dherrema7f@paginegialle.it,Colombia,16.85,FALSE,67.83
269,Alis,Spriddle,19,aspriddle7g@cdc.gov,Argentina,15.6,TRUE,98.56
270,Romy,Dilland,20,rdilland7h@imgur.com,Czech Republic,40.27,FALSE,71.25
271,Rip,Dhillon,24,rdhillon7i@qq.com,Vietnam,82.17,TRUE,69
272,Rubetta,Worviell,21,rworviell7j@mapy.cz,China,72.3,FALSE,65.46
273,Archaimbaud,Frankema,22,afrankema7k@w3.org,Japan,20.48,TRUE,53.09
274,Katleen,Hansley,22,khansley7l@wordpress.org,Philippines,60.36,FALSE,56.01
275,Merle,Bryenton,25,mbryenton7m@ted.com,China,15.9,TRUE,19.15
276,Chet,Jenkins,19,cjenkins7n@marriott.com,China,65.06,FALSE,12.2
277,Lola,Lecordier,22,llecordier7o@guardian.co.uk,China,15.11,FALSE,1.63
278,Shelley,Tippett,23,stippett7p@rediff.com,China,90.31,TRUE,41.1
279,Halimeda,Storcke,22,hstorcke7q@skyrock.com,China,17.51,TRUE,36.61
280,Fawne,Winspire,24,fwinspire7r@time.com,Philippines,92.8,TRUE,67.96
281,Antonina,Kilcoyne,25,akilcoyne7s@vkontakte.ru,Chile,11.69,TRUE,16.57
282,Dal,Froude,21,dfroude7t@topsy.com,South Korea,76.57,FALSE,62.73
283,Winn,Grollmann,20,wgrollmann7u@google.com.br,Colombia,25.55,FALSE,53.44
284,Cassy,Kenworthey,24,ckenworthey7v@businessinsider.com,Brazil,0.24,TRUE,81.85
285,Quincey,MacMechan,19,qmacmechan7w@bing.com,Greece,16.58,FALSE,78.62
286,Alexi,Louch,24,alouch7x@geocities.jp,China,73.29,TRUE,50.1
287,Addie,Vizor,21,avizor7y@rakuten.co.jp,China,86.52,TRUE,70.99
288,Karon,Osboldstone,18,kosboldstone7z@webeden.co.uk,France,50.21,TRUE,31.08
289,Dorice,Scantleberry,22,dscantleberry80@sciencedirect.com,Russia,10.67,TRUE,33.36
290,Cherice,Scothern,25,cscothern81@reverbnation.com,China,81.8,FALSE,44.99
291,Lissie,Sevin,20,lsevin82@cargocollective.com,Brazil,97.1,TRUE,85.94
292,Stanley,Finicj,25,sfinicj83@quantcast.com,Colombia,49.21,FALSE,39.6
293,Wilbur,McKean,24,wmckean84@w3.org,Mexico,55.3,TRUE,68.07
294,Modesta,Clabburn,19,mclabburn85@yale.edu,Yemen,36.95,TRUE,0.19
295,Aubry,Swyne,22,aswyne86@google.fr,Nigeria,52.63,TRUE,15.96
296,Emmalyn,Pratten,21,epratten87@mashable.com,Marshall Islands,38.14,TRUE,34.46
297,Gennie,Costard,25,gcostard88@skyrock.com,China,55.12,FALSE,55.89
298,Ari,McCaighey,24,amccaighey89@taobao.com,China,46.14,FALSE,48.03
299,Buiron,Liggins,19,bliggins8a@github.com,China,44.42,FALSE,50.13
300,Marty,Prevett,18,mprevett8b@bravesites.com,Indonesia,74.41,TRUE,2.11
301,Giacinta,Stark,25,gstark8c@drupal.org,China,3.56,TRUE,14.7
302,Koressa,Ruffles,23,kruffles8d@unicef.org,China,12.2,FALSE,34.4
303,Royce,Chawner,19,rchawner8e@google.es,Russia,5.29,TRUE,48.93
304,Phyllida,Cuthill,21,pcuthill8f@multiply.com,Philippines,19.56,FALSE,18.97
305,Filia,Whitlock,24,fwhitlock8g@ihg.com,Hungary,86.59,FALSE,17.04
306,Cathlene,Youngs,19,cyoungs8h@altervista.org,United States,65.44,TRUE,65.84
307,Casper,Bunkle,21,cbunkle8i@creativecommons.org,Indonesia,0.5,FALSE,50.14
308,Danika,Crack,22,dcrack8j@prweb.com,Switzerland,58.52,TRUE,28.25
309,Imojean,Peffer,23,ipeffer8k@army.mil,Philippines,12.36,TRUE,34.35
310,Effie,Frankiss,21,efrankiss8l@dailymotion.com,Peru,90.86,TRUE,10.3
311,Brnaby,Tibbetts,24,btibbetts8m@yelp.com,United States,42.56,FALSE,4.45
312,Brooke,Causby,19,bcausby8n@webs.com,Philippines,13.36,TRUE,78.39
313,Colman,Szabo,23,cszabo8o@linkedin.com,Argentina,13.24,TRUE,7.82
314,Mareah,Birtwistle,22,mbirtwistle8p@mozilla.com,Russia,67.06,TRUE,83.61
315,Gisele,Sweetmore,22,gsweetmore8q@zimbio.com,Indonesia,73.14,FALSE,89.79
316,Claus,Gadman,23,cgadman8r@state.gov,Philippines,67.06,FALSE,99.54
317,Calv,Monkman,18,cmonkman8s@bing.com,China,5.46,TRUE,30.27
318,Walden,Vye,24,wvye8t@csmonitor.com,China,40.35,TRUE,51.45
319,Aime,Dinning,22,adinning8u@netscape.com,Indonesia,12.7,FALSE,53.34
320,Wadsworth,Branchett,24,wbranchett8v@amazon.co.jp,Philippines,54.3,FALSE,26.95
321,Ginni,Szimoni,24,gszimoni8w@twitpic.com,Kenya,22.19,FALSE,8.7
322,Vernor,Le Pruvost,25,vlepruvost8x@discovery.com,Russia,74.73,FALSE,96.74
323,Faith,Lockton,18,flockton8y@i2i.jp,Lithuania,94.64,FALSE,24.53
324,Ermanno,Jannex,18,ejannex8z@google.co.jp,Sweden,56.14,FALSE,69.02
325,Philippine,Baudacci,22,pbaudacci90@ed.gov,China,35.55,TRUE,46.1
326,Aylmar,Harlowe,19,aharlowe91@plala.or.jp,Afghanistan,63.78,TRUE,11.23
327,Honey,Tomlin,18,htomlin92@army.mil,Thailand,38.14,FALSE,60.91
328,Robert,Muldownie,25,rmuldownie93@mozilla.org,China,11.83,FALSE,56.55
329,Llewellyn,Schutze,22,lschutze94@independent.co.uk,Colombia,59.56,FALSE,88
330,Bendix,Mack,20,bmack95@slate.com,United States,90.6,TRUE,93.16
331,Matthias,Jorissen,19,mjorissen96@tripod.com,Denmark,52.02,FALSE,12.38
332,Bonni,MacGarrity,19,bmacgarrity97@surveymonkey.com,France,37.05,TRUE,87.61
333,Conrade,Kinze,25,ckinze98@spiegel.de,Vietnam,95.01,FALSE,89.54
334,Willi,Hambleton,21,whambleton99@independent.co.uk,Spain,4.7,FALSE,83.03
335,Oona,Eddleston,24,oeddleston9a@github.com,Sweden,73.43,TRUE,35.82
336,Currey,Mephan,20,cmephan9b@newsvine.com,Colombia,37.54,FALSE,67.4
337,Quinn,Spatig,24,qspatig9c@unesco.org,Russia,34.47,TRUE,0.3
338,Darya,Scutchings,21,dscutchings9d@edublogs.org,China,81.37,FALSE,76.72
339,Berti,Coggan,18,bcoggan9e@dailymotion.com,Russia,74.83,TRUE,33.02
340,Sigismond,Denerley,24,sdenerley9f@intel.com,Philippines,55.84,TRUE,8.63
341,Killy,Greenman,23,kgreenman9g@princeton.edu,Vietnam,84.63,FALSE,98.23
342,Peterus,Titchener,21,ptitchener9h@nba.com,Indonesia,99.98,TRUE,98.08
343,Kaitlin,O' Neligan,19,koneligan9i@reddit.com,Portugal,42.04,TRUE,94.42
344,Ammamaria,Tweedie,25,atweedie9j@opera.com,China,52.77,TRUE,99.31
345,Kit,Cruden,23,kcruden9k@omniture.com,China,56.39,FALSE,4.64
346,Ariel,Twinbrow,24,atwinbrow9l@behance.net,Italy,92.85,TRUE,29.33
347,Sissy,Rawes,24,srawes9m@si.edu,Ivory Coast,74.34,FALSE,86.38
348,Denise,Coddington,20,dcoddington9n@blogtalkradio.com,Palestinian Territory,90.03,FALSE,93.65
349,Jobyna,Lacaze,24,jlacaze9o@etsy.com,China,43.64,TRUE,91.64
350,Melinda,Aslott,18,maslott9p@feedburner.com,Argentina,71.59,TRUE,50.47
351,Edithe,Szwarc,18,eszwarc9q@hao123.com,Philippines,31.64,FALSE,3.52
352,Francisca,Widdison,21,fwiddison9r@symantec.com,France,97.4,FALSE,38.86
353,Anitra,Lehrmann,24,alehrmann9s@samsung.com,Russia,32.95,TRUE,81.03
354,Carolann,Mateus,22,cmateus9t@tiny.cc,Indonesia,42.17,TRUE,4.27
355,Caria,Wilsee,20,cwilsee9u@bravesites.com,Indonesia,8.23,TRUE,58.99
356,Caro,Kelberer,21,ckelberer9v@omniture.com,Indonesia,19.36,TRUE,52.65
357,Tommi,Prigmore,20,tprigmore9w@networksolutions.com,Brazil,55.07,TRUE,48.27
358,Viki,Toderbrugge,20,vtoderbrugge9x@washington.edu,China,81.09,TRUE,70.08
359,Bran,McFeate,21,bmcfeate9y@yellowpages.com,Dominican Republic,44.05,TRUE,79.89
360,Joey,Lyndon,19,jlyndon9z@biglobe.ne.jp,Philippines,11.27,FALSE,49.56
361,Antonietta,Langdridge,18,alangdridgea0@icio.us,Russia,20.3,TRUE,51.51
362,Phaedra,Cripin,20,pcripina1@nature.com,Czech Republic,73.13,TRUE,14.91
363,Deanna,Liver,19,dlivera2@drupal.org,Indonesia,48.65,TRUE,26.48
364,Edi,Duggen,19,eduggena3@shinystat.com,Guam,93.11,TRUE,45.57
365,Sondra,Tuxwell,20,stuxwella4@mapquest.com,Sweden,70.59,FALSE,70.38
366,Fanechka,Castellanos,25,fcastellanosa5@patch.com,China,10.02,TRUE,8.01
367,Nobe,Goodhand,18,ngoodhanda6@networksolutions.com,Czech Republic,58.1,FALSE,21.08
368,Stevie,Garwill,21,sgarwilla7@sohu.com,Indonesia,97.12,FALSE,22.7
369,Stacey,Vitet,19,sviteta8@state.gov,Indonesia,63.31,FALSE,63.96
370,Gertrud,Wessing,22,gwessinga9@state.tx.us,China,87.87,TRUE,10.76
371,Shaw,Stewartson,25,sstewartsonaa@bloomberg.com,Mali,84.69,TRUE,95.61
372,Kaleb,Ivanchin,20,kivanchinab@yellowbook.com,China,44.86,FALSE,60.23
373,Englebert,Cordle,24,ecordleac@google.nl,Ireland,23.18,TRUE,21.12
374,Donnajean,Tarzey,22,dtarzeyad@tripod.com,Ireland,95.35,TRUE,28.44
375,Sibeal,Capes,20,scapesae@yolasite.com,Indonesia,52.64,TRUE,11.36
376,Ashil,Margach,20,amargachaf@marketwatch.com,Moldova,44.13,FALSE,73.84
377,Violette,Partington,18,vpartingtonag@ycombinator.com,Philippines,44.33,FALSE,79.91
378,Billi,Grason,21,bgrasonah@google.de,Guadeloupe,14.28,TRUE,16.98
379,Parsifal,Menichillo,18,pmenichilloai@photobucket.com,Indonesia,2.88,TRUE,86.58
380,Franky,Glander,24,fglanderaj@slate.com,Indonesia,77.51,FALSE,42.35
381,Burtie,Chisman,24,bchismanak@shutterfly.com,Brazil,37.15,FALSE,99.39
382,Langsdon,Watling,25,lwatlingal@tinypic.com,Mexico,30.65,TRUE,85.03
383,Cordie,Mosedill,20,cmosedillam@mlb.com,Philippines,53.47,TRUE,85
384,Merrick,Malmar,24,mmalmaran@is.gd,Mongolia,42.95,FALSE,84.16
385,Barbabra,Gilston,24,bgilstonao@archive.org,China,10.19,FALSE,89.97
386,Zondra,Bolles,24,zbollesap@yahoo.co.jp,North Korea,2.66,FALSE,34.94
387,Joeann,Ord,23,jordaq@hc360.com,Philippines,8.27,TRUE,69.29
388,Abba,Notley,23,anotleyar@nps.gov,Sweden,53.54,TRUE,8.9
389,Stuart,Wiffler,22,swiffleras@xrea.com,Brazil,20,FALSE,65.18
390,Calley,Viel,22,cvielat@feedburner.com,China,58.82,FALSE,73.05
391,Stephie,McGloughlin,22,smcgloughlinau@wp.com,Kuwait,1.26,TRUE,83.37
392,Rance,Aiskrigg,23,raiskriggav@indiatimes.com,Mongolia,20.58,TRUE,54.69
393,Anthia,Darkin,19,adarkinaw@howstuffworks.com,Philippines,90.19,FALSE,3.2
394,Sue,Syddon,25,ssyddonax@google.co.uk,Brazil,23.32,FALSE,68.88
395,Lincoln,Pillans,24,lpillansay@vk.com,Mongolia,35.37,TRUE,94.82
396,Vaughan,Ryall,19,vryallaz@craigslist.org,Bangladesh,23.09,TRUE,28.68
397,Bjorn,Hailey,22,bhaileyb0@techcrunch.com,Russia,54.33,TRUE,24.99
398,Noll,Abramamovh,21,nabramamovhb1@unc.edu,Ukraine,76.17,TRUE,40.83
399,Ranna,Bedingfield,23,rbedingfieldb2@patch.com,United States,83.55,TRUE,63.82
400,Van,Auchterlonie,24,vauchterlonieb3@woothemes.com,Bangladesh,8.79,FALSE,73.33
401,Prudence,Labden,20,plabdenb4@ow.ly,China,2.63,FALSE,29.3
402,Renelle,Roubottom,18,rroubottomb5@cam.ac.uk,Portugal,46.07,FALSE,47.77
403,Ignacius,Godney,24,igodneyb6@friendfeed.com,Argentina,22.2,FALSE,81.68
404,Geno,Grinnov,20,ggrinnovb7@cloudflare.com,Indonesia,73.33,TRUE,20.09
405,Glennis,Schleswig-Holstein,18,gschleswigholsteinb8@issuu.com,China,3.13,TRUE,61.1
406,Donnie,Fearenside,19,dfearensideb9@omniture.com,China,58.41,FALSE,10.3
407,Chloe,Rushbury,22,crushburyba@bbc.co.uk,Russia,16.89,TRUE,81.4
408,Hendrik,Suthren,21,hsuthrenbb@hatena.ne.jp,China,2.8,TRUE,71.61
409,Leighton,Kenrick,21,lkenrickbc@t-online.de,Indonesia,44.26,FALSE,91.09
410,Maxine,Crake,20,mcrakebd@e-recht24.de,South Africa,14.61,TRUE,63.26
411,Yurik,Crockatt,23,ycrockattbe@miitbeian.gov.cn,Dominican Republic,46.23,TRUE,72.89
412,Kerrie,Heeks,23,kheeksbf@dot.gov,Armenia,20.32,TRUE,36.59
413,Lucita,Cowap,19,lcowapbg@si.edu,Brazil,60,TRUE,25.39
414,Godart,Verecker,20,gvereckerbh@domainmarket.com,Tanzania,16.23,FALSE,79.6
415,Garth,Jonuzi,25,gjonuzibi@gov.uk,Peru,97.1,FALSE,96.45
416,Karoline,Dilkes,18,kdilkesbj@patch.com,Guatemala,70.1,TRUE,93.52
417,Brandice,Savidge,18,bsavidgebk@patch.com,China,18.07,TRUE,18.46
418,Husein,Maulin,25,hmaulinbl@twitter.com,Pakistan,34.13,FALSE,79.71
419,Ignaz,Hegel,25,ihegelbm@diigo.com,Philippines,55.07,FALSE,66.24
420,Nicolis,Gremain,23,ngremainbn@seattletimes.com,Indonesia,74.66,TRUE,10.54
421,Guillaume,Wyeth,23,gwyethbo@google.fr,Russia,23.75,TRUE,92.11
422,Kirsti,Kilmurray,19,kkilmurraybp@ehow.com,Austria,9.74,TRUE,20.84
423,Eryn,Triplet,21,etripletbq@cnn.com,Portugal,56.28,FALSE,38.86
424,Valene,Turbayne,24,vturbaynebr@squidoo.com,Kazakhstan,68.34,FALSE,72.12
425,Chaunce,Hardan,22,chardanbs@webs.com,Thailand,91.3,TRUE,39.91
426,Joellyn,Alastair,25,jalastairbt@usatoday.com,Indonesia,69.05,FALSE,35.43
427,Bethanne,Turland,24,bturlandbu@newyorker.com,Micronesia,67.56,FALSE,13.57
428,Kalina,Kinchlea,25,kkinchleabv@over-blog.com,China,4.52,FALSE,44.82
429,Hurleigh,Luard,23,hluardbw@shutterfly.com,Vietnam,11.9,TRUE,9.64
430,Xylina,Braidwood,22,xbraidwoodbx@wix.com,Honduras,76.02,TRUE,71.29
431,Allin,Whitney,25,awhitneyby@sina.com.cn,Nigeria,95.08,TRUE,24.66
432,Christy,Mingey,23,cmingeybz@disqus.com,Nigeria,32.53,TRUE,29.06
433,Mallissa,Drysdell,24,mdrysdellc0@cnbc.com,Sweden,81.38,FALSE,43.19
434,Arlena,Geale,19,agealec1@indiegogo.com,Ukraine,60.21,FALSE,28.61
435,Sergent,Nolan,22,snolanc2@eepurl.com,France,52.57,FALSE,83.8
436,Callean,Asple,25,casplec3@craigslist.org,Sweden,13.16,FALSE,28.53
437,Kalvin,Casin,18,kcasinc4@typepad.com,Russia,54.8,FALSE,75.19
438,Brandea,Eborn,20,bebornc5@tamu.edu,Indonesia,74.36,TRUE,88.49
439,Hanny,Havercroft,22,hhavercroftc6@princeton.edu,China,70.83,TRUE,64.26
440,Essie,Horwell,24,ehorwellc7@moonfruit.com,Bangladesh,62.38,TRUE,47.11
441,Jefferey,Stubbs,20,jstubbsc8@scribd.com,Guatemala,99.68,FALSE,15.64
442,Mil,Cromwell,25,mcromwellc9@google.com,Colombia,57.14,TRUE,0.32
443,Rey,Cossom,19,rcossomca@msn.com,Sweden,18.98,FALSE,27.62
444,Bancroft,Knightley,21,bknightleycb@drupal.org,France,52.39,FALSE,62.63
445,Astra,Stockney,24,astockneycc@dailymotion.com,Serbia,40.82,FALSE,90.21
446,Catlee,Gammons,20,cgammonscd@wp.com,Indonesia,37.7,TRUE,31.72
447,Natasha,Medland,19,nmedlandce@weather.com,Poland,96.49,TRUE,86.59
448,Mitchell,Cambling,22,mcamblingcf@pen.io,Indonesia,12.53,TRUE,54.22
449,Gabi,Cursey,21,gcurseycg@senate.gov,China,30.35,TRUE,24.81
450,Ramon,Thorold,21,rthoroldch@dailymail.co.uk,Mali,66.8,FALSE,31.53
451,Vin,Willoughby,19,vwilloughbyci@etsy.com,United States,50.03,TRUE,62.32
452,Pierette,McReynolds,20,pmcreynoldscj@gov.uk,Brazil,70.89,FALSE,15.78
453,Adrea,Delph,21,adelphck@timesonline.co.uk,Philippines,71.16,FALSE,43.14
454,Lloyd,Fomichkin,20,lfomichkincl@altervista.org,Israel,62.79,FALSE,64.73
455,Georgette,Crocetto,25,gcrocettocm@house.gov,China,89.04,TRUE,6.55
456,Anselm,Baildon,25,abaildoncn@people.com.cn,Iran,38.81,FALSE,31.19
457,Nealson,Chomiszewski,21,nchomiszewskico@prweb.com,China,30.04,FALSE,68.08
458,Bernardo,Bullimore,20,bbullimorecp@google.co.jp,Norway,2.88,TRUE,2.25
459,Bryana,Maidlow,23,bmaidlowcq@nbcnews.com,France,30.17,TRUE,42.39
460,Lelah,Boice,19,lboicecr@mozilla.com,Brazil,8.72,FALSE,41.07
461,Delmer,MacAulay,25,dmacaulaycs@lycos.com,Russia,31.13,FALSE,7.7
462,Dianemarie,Mack,23,dmackct@sbwire.com,Philippines,89.46,FALSE,32.52
463,Aubert,Goodrich,21,agoodrichcu@ft.com,Philippines,21.59,TRUE,52.14
464,Mindy,Inkle,25,minklecv@google.it,Brazil,84.08,FALSE,80.9
465,Rodney,Rough,23,rroughcw@uol.com.br,Philippines,22.86,FALSE,91.55
466,Etan,Maffia,20,emaffiacx@ning.com,Indonesia,80.42,TRUE,61.31
467,Kendrick,Gobbet,18,kgobbetcy@wufoo.com,Comoros,64.89,TRUE,74.91
468,Chad,Alasdair,19,calasdaircz@marketwatch.com,Denmark,40.2,TRUE,54.74
469,Ethyl,Duding,23,edudingd0@examiner.com,China,91.28,FALSE,24.35
470,Cindy,Edland,20,cedlandd1@shinystat.com,Madagascar,88.54,TRUE,72.38
471,Art,Wilcockes,20,awilcockesd2@auda.org.au,El Salvador,34.01,TRUE,9.71
472,Vikky,Teese,20,vteesed3@free.fr,Philippines,21.27,TRUE,74.59
473,Anastasia,McMickan,24,amcmickand4@flickr.com,Argentina,55.09,FALSE,29.76
474,Worthington,Machent,18,wmachentd5@adobe.com,Portugal,73.96,TRUE,89.5
475,Donalt,Bulpitt,19,dbulpittd6@multiply.com,Russia,27.95,FALSE,17.61
476,Barbara-anne,Gerleit,23,bgerleitd7@blogger.com,China,64.7,FALSE,56.72
477,Chery,Brockie,18,cbrockied8@nsw.gov.au,Philippines,26.1,FALSE,19.48
478,Sheilakathryn,Boultwood,19,sboultwoodd9@si.edu,Colombia,92.74,TRUE,31.59
479,Verena,Barrable,24,vbarrableda@addthis.com,Philippines,94.2,TRUE,5.24
480,Ambrosi,Adkins,19,aadkinsdb@nasa.gov,Russia,13.16,TRUE,97.03
481,Thornie,Biset,18,tbisetdc@4shared.com,Ukraine,89.38,TRUE,0.63
482,Vonnie,Mullarkey,24,vmullarkeydd@meetup.com,China,21.94,FALSE,15.57
483,Suzanna,Goullee,24,sgoulleede@typepad.com,United States,99.3,TRUE,82.12
484,Minette,Dach,22,mdachdf@surveymonkey.com,China,1.95,TRUE,65.81
485,Malvina,Mielnik,20,mmielnikdg@miitbeian.gov.cn,China,84.83,FALSE,26.69
486,Harris,Goathrop,22,hgoathropdh@ow.ly,Russia,17.68,TRUE,67.89
487,Lamont,Gear,19,lgeardi@yolasite.com,Indonesia,50.17,TRUE,90.74
488,Lynda,Fennick,25,lfennickdj@ucsd.edu,Portugal,79.95,FALSE,81.27
489,Gibby,Trill,18,gtrilldk@soundcloud.com,Russia,50.38,TRUE,6.94
490,Cornela,Prodrick,18,cprodrickdl@joomla.org,Russia,47.69,FALSE,72.79
491,Neala,Mee,19,nmeedm@bloglines.com,Mexico,62.07,FALSE,6.28
492,Laurene,Reville,22,lrevilledn@go.com,Russia,73.45,TRUE,28.5
493,Trace,Quennell,19,tquennelldo@blogtalkradio.com,Costa Rica,48.73,FALSE,76.9
494,Serge,Salmond,24,ssalmonddp@webmd.com,Thailand,38.61,FALSE,7.98
495,Fernandina,Doghartie,23,fdoghartiedq@sciencedaily.com,France,41.34,TRUE,1.17
496,Emilia,Fadden,19,efaddendr@slideshare.net,Portugal,29.78,FALSE,59.14
497,Nappie,Kenny,20,nkennyds@latimes.com,Norway,48.02,TRUE,2.5
498,Suzann,MacFadzean,23,smacfadzeandt@dagondesign.com,Jamaica,42.44,TRUE,33.06
499,Christiana,Emes,21,cemesdu@a8.net,Russia,27.75,FALSE,28.99
500,Silas,Murcutt,19,smurcuttdv@livejournal.com,Guatemala,3.54,TRUE,67.05
501,Nathalie,Bevar,20,nbevardw@rediff.com,China,38.48,FALSE,45.79
502,Bord,Cowup,21,bcowupdx@tinypic.com,Colombia,34.31,FALSE,59.8
503,Calhoun,Franies,23,cfraniesdy@toplist.cz,Sierra Leone,74.78,FALSE,3.39
504,Phedra,Grund,19,pgrunddz@fema.gov,Afghanistan,27.9,TRUE,8.81
505,Coleen,Hollingsbee,25,chollingsbeee0@accuweather.com,New Zealand,99.19,FALSE,68.3
506,Melody,Neligan,20,mneligane1@tmall.com,Russia,58.1,FALSE,85.13
507,Adriano,Vero,23,averoe2@google.nl,Ukraine,18.95,TRUE,0.28
508,Cheslie,Benzies,23,cbenziese3@sfgate.com,Portugal,23.87,TRUE,24.63
509,Annmaria,Crellim,22,acrellime4@meetup.com,Poland,6.55,TRUE,3.27
510,Rosalinda,Stubbington,23,rstubbingtone5@theguardian.com,Philippines,20.69,TRUE,93.08
511,Boot,Maisey,24,bmaiseye6@sina.com.cn,Uganda,88.04,TRUE,72.54
512,Christabel,Peepall,21,cpeepalle7@wordpress.org,Canada,53.25,FALSE,94.69
513,Waiter,Crop,22,wcrope8@networkadvertising.org,United States,46.81,FALSE,80.2
514,Alfie,Danzey,23,adanzeye9@desdev.cn,Philippines,93.76,FALSE,91.87
515,Janis,Reinhard,20,jreinhardea@state.tx.us,Israel,14.44,FALSE,77.94
516,Hildegaard,Jurisic,23,hjurisiceb@wunderground.com,China,26.61,TRUE,34.45
517,Estel,Maitland,23,emaitlandec@google.com.hk,United States,70.69,FALSE,88.15
518,Bearnard,Loveman,18,blovemaned@msn.com,Northern Mariana Islands,0.65,TRUE,45.39
519,Constancy,Paviour,24,cpaviouree@answers.com,Poland,94.61,TRUE,79.48
520,Katerina,Colafate,19,kcolafateef@illinois.edu,Indonesia,66.24,TRUE,73.99
521,Marrilee,Huniwall,19,mhuniwalleg@edublogs.org,Philippines,65,FALSE,88.26
522,Rupert,Bastick,23,rbastickeh@jiathis.com,Indonesia,65,TRUE,0.33
523,Ferrel,Eslinger,19,feslingerei@wix.com,China,87.06,FALSE,98.9
524,Travers,Espin,23,tespinej@wisc.edu,Japan,14.79,TRUE,19.32
525,Gretel,Andreacci,21,gandreacciek@technorati.com,Uzbekistan,26.98,TRUE,51.44
526,Maximo,Dulwitch,20,mdulwitchel@ed.gov,Indonesia,82.83,FALSE,78.69
527,Lyle,Ceeley,24,lceeleyem@wisc.edu,Argentina,98.04,FALSE,49.72
528,Emlyn,Colbeck,18,ecolbecken@t.co,Mexico,40.33,TRUE,61.04
529,Koressa,Gerasch,20,kgerascheo@mysql.com,Indonesia,88.36,FALSE,50.19
530,Vito,Carrett,19,vcarrettep@ox.ac.uk,Poland,65.4,TRUE,47.24
531,Arney,Conkie,20,aconkieeq@illinois.edu,Indonesia,45.63,TRUE,97.62
532,Georgianne,Tester,25,gtesterer@mit.edu,France,23.93,TRUE,51.15
533,Domini,Sinkings,19,dsinkingses@salon.com,France,61.96,FALSE,1.49
534,Matti,Lingley,19,mlingleyet@over-blog.com,Poland,5.4,FALSE,71.43
535,Joellen,Fosdike,20,jfosdikeeu@utexas.edu,Kyrgyzstan,27.59,TRUE,79.35
536,Morty,Golborne,25,mgolborneev@pcworld.com,China,47.21,FALSE,44.42
537,Cayla,Eldrid,21,celdridew@acquirethisname.com,Russia,85.56,TRUE,98.78
538,Lavina,Stichel,22,lstichelex@archive.org,Bulgaria,91.36,FALSE,81.33
539,Cherri,Rives,22,crivesey@blinklist.com,China,20.72,FALSE,57.84
540,Glad,Gothup,18,ggothupez@dot.gov,China,90.05,FALSE,39.03
541,Harmonia,Boots,23,hbootsf0@smugmug.com,Indonesia,84.74,TRUE,27.36
542,Morgan,Tampion,24,mtampionf1@nature.com,China,15.26,FALSE,16.68
543,Torey,Cush,24,tcushf2@hibu.com,Brazil,83.22,TRUE,26.91
544,Colan,Mattea,21,cmatteaf3@admin.ch,Indonesia,90.63,TRUE,83.02
545,Hedy,Rignold,20,hrignoldf4@yahoo.co.jp,Portugal,85.99,FALSE,80.92
546,Malissia,Sinkinson,18,msinkinsonf5@barnesandnoble.com,France,61.56,FALSE,56.78
547,Owen,Tomaszewicz,22,otomaszewiczf6@wikipedia.org,Portugal,25.71,TRUE,51.64
548,Floria,Tandey,23,ftandeyf7@list-manage.com,Portugal,91.32,TRUE,29.08
549,Ludovika,Mockes,19,lmockesf8@jimdo.com,China,54.17,FALSE,95.03
550,Yulma,de Tocqueville,23,ydetocquevillef9@nhs.uk,France,24.38,TRUE,74.5
551,Corney,Blaase,24,cblaasefa@microsoft.com,Sweden,89.8,FALSE,2.17
552,Atalanta,Corain,21,acorainfb@hostgator.com,Jordan,89.4,TRUE,42.99
553,Consuelo,Chastney,18,cchastneyfc@ca.gov,Portugal,26.77,FALSE,39.32
554,Neville,Halson,24,nhalsonfd@foxnews.com,China,64.15,FALSE,14.9
555,Gale,Lantuff,23,glantufffe@craigslist.org,Japan,66.03,FALSE,32.64
556,Kalil,Vasilmanov,22,kvasilmanovff@examiner.com,Albania,82.46,FALSE,82.67
557,Minny,Hane,19,mhanefg@wunderground.com,Argentina,57.03,TRUE,78.44
558,Timofei,Zammitt,24,tzammittfh@issuu.com,Thailand,60.9,TRUE,94.28
559,Viola,Blumfield,18,vblumfieldfi@flickr.com,China,57.09,TRUE,84.32
560,Cullie,Flatte,21,cflattefj@1688.com,Indonesia,69.64,FALSE,46.99
561,Lock,Briar,21,lbriarfk@gmpg.org,Russia,50.99,FALSE,54.68
562,Justen,Springall,24,jspringallfl@gov.uk,United States,42.81,TRUE,76.92
563,Genna,Titlow,23,gtitlowfm@xrea.com,Honduras,6.34,FALSE,62.19
564,Bell,Tipple,23,btipplefn@e-recht24.de,Ukraine,45.65,FALSE,32.5
565,Irving,Jago,21,ijagofo@sbwire.com,Chile,31.2,FALSE,89.4
566,Prisca,Boyfield,20,pboyfieldfp@mapy.cz,Kenya,97.45,FALSE,34.37
567,Juliane,Peyes,24,jpeyesfq@reverbnation.com,Indonesia,21.89,TRUE,80.6
568,Milt,Greser,22,mgreserfr@etsy.com,Pakistan,37.05,FALSE,70.77
569,Grissel,Oldford,22,goldfordfs@com.com,Sweden,99.03,TRUE,7.62
570,Anna-maria,Stringer,22,astringerft@google.it,Indonesia,56.51,FALSE,44.24
571,Donnamarie,Fone,22,dfonefu@smugmug.com,Peru,54.84,TRUE,51.95
572,Dannel,Shiel,18,dshielfv@edublogs.org,Ukraine,84.7,TRUE,89.28
573,Bette-ann,Light,25,blightfw@devhub.com,Indonesia,77.36,FALSE,52.14
574,Keely,Mingaud,22,kmingaudfx@topsy.com,China,99.53,TRUE,33.57
575,Bay,Mardling,23,bmardlingfy@linkedin.com,Hungary,24.24,TRUE,34.05
576,Patricia,Chawner,23,pchawnerfz@usda.gov,China,35.82,FALSE,7.79
577,Fara,Rudiger,21,frudigerg0@sfgate.com,Sweden,44.42,TRUE,49.61
578,Rabi,Castello,21,rcastellog1@dailymotion.com,Indonesia,60,TRUE,62.15
579,Chrysler,Dudney,21,cdudneyg2@1und1.de,Poland,44.58,FALSE,89.33
580,Mayor,MacAlpin,23,mmacalping3@networksolutions.com,China,80.86,FALSE,94.95
581,Gayle,Ayton,19,gaytong4@unc.edu,Macedonia,0.88,TRUE,46.35
582,Gaylor,Purton,20,gpurtong5@cmu.edu,Ireland,8.83,TRUE,53.64
583,Clary,Picard,19,cpicardg6@unblog.fr,Israel,88.18,FALSE,16.68
584,Brooke,Calderbank,24,bcalderbankg7@forbes.com,Indonesia,20.97,TRUE,37
585,Arabella,Tracey,23,atraceyg8@yahoo.com,Czech Republic,62.27,FALSE,77.54
586,Laraine,Reddlesden,22,lreddlesdeng9@apple.com,Indonesia,83.62,TRUE,3.35
587,Wainwright,Stevings,20,wstevingsga@g.co,China,12.69,FALSE,13.43
588,Theressa,Tardiff,20,ttardiffgb@ehow.com,China,61.39,FALSE,4.99
589,Shela,Grishakin,25,sgrishakingc@ocn.ne.jp,Indonesia,3.74,FALSE,87.59
590,Ardella,Slane,23,aslanegd@businesswire.com,Nigeria,74.88,FALSE,7.61
591,Dyanna,Batson,19,dbatsonge@bloglines.com,Indonesia,96.02,FALSE,1.18
592,Melisande,Worledge,24,mworledgegf@reuters.com,Brazil,99.76,FALSE,12.49
593,Laina,Mort,21,lmortgg@sohu.com,China,63.15,FALSE,16.1
594,Carlos,Clemont,24,cclemontgh@istockphoto.com,Indonesia,44.77,FALSE,13.69
595,Marisa,Pilsworth,23,mpilsworthgi@upenn.edu,China,62.63,TRUE,13.2
596,Lowell,Fellon,19,lfellongj@1und1.de,Kazakhstan,97.41,FALSE,11.03
597,Livvyy,Mowbray,24,lmowbraygk@hc360.com,Philippines,14.7,TRUE,40.37
598,Marie-jeanne,Bergstrand,20,mbergstrandgl@google.es,Brazil,69.26,TRUE,66.63
599,Davie,Aynsley,23,daynsleygm@msu.edu,China,63.38,TRUE,25.64
600,Ellswerth,Fishenden,23,efishendengn@google.com,Kyrgyzstan,25.43,TRUE,37.27
601,Stephan,Weale,24,swealego@myspace.com,Mexico,35.21,FALSE,11.72
602,Heddie,Bulcroft,21,hbulcroftgp@cornell.edu,Argentina,36.28,FALSE,87.61
603,Garrard,Stallen,21,gstallengq@naver.com,Peru,33.02,TRUE,60.96
604,Karna,Pepperell,22,kpepperellgr@google.com.br,Argentina,80.24,FALSE,2.59
605,Ashlie,Prosch,20,aproschgs@msn.com,Ukraine,64.51,FALSE,6.57
606,Evangelia,Britt,21,ebrittgt@bloomberg.com,Russia,45.86,FALSE,4.95
607,Iorgos,Shakespeare,18,ishakespearegu@nhs.uk,Portugal,54.94,TRUE,0.23
608,Delilah,Medcalfe,22,dmedcalfegv@alibaba.com,Mongolia,29.2,TRUE,12.12
609,Talbert,Ilsley,21,tilsleygw@dedecms.com,Brazil,48.8,FALSE,87.21
610,Eunice,Episcopi,23,eepiscopigx@issuu.com,China,87.28,FALSE,36.05
611,Laurent,Sample,19,lsamplegy@yellowpages.com,Poland,88.09,TRUE,24.42
612,Lynsey,Pinfold,20,lpinfoldgz@multiply.com,Serbia,0.13,FALSE,54.09
613,Wakefield,Joel,19,wjoelh0@theatlantic.com,China,19.51,FALSE,62.07
614,Giana,Somerled,18,gsomerledh1@washingtonpost.com,Egypt,0.24,TRUE,35.92
615,Ania,Driscoll,20,adriscollh2@vk.com,China,3.37,TRUE,24.93
616,Alli,Boissieux,23,aboissieuxh3@nyu.edu,Netherlands,29.67,FALSE,70.89
617,Hubie,Garrett,22,hgarretth4@yellowbook.com,Kuwait,1.17,TRUE,89.62
618,Raynell,Golborne,25,rgolborneh5@last.fm,China,95.8,FALSE,69.83
619,Danella,Collar,24,dcollarh6@nature.com,China,85.79,FALSE,75.47
620,Daphna,Devas,19,ddevash7@icq.com,Indonesia,97.67,FALSE,43.74
621,Bernetta,Oldknowe,20,boldknoweh8@harvard.edu,Indonesia,58.71,TRUE,71.22
622,Kathy,Guiduzzi,22,kguiduzzih9@blog.com,China,10.58,TRUE,75.22
623,Eddi,Burrel,25,eburrelha@youku.com,Canada,44.18,TRUE,0.01
624,Cecily,Carnew,18,ccarnewhb@flickr.com,Gabon,70.1,TRUE,40.33
625,Susanna,Hardwidge,23,shardwidgehc@unblog.fr,Indonesia,89.09,FALSE,31.9
626,Cobbie,Wyman,25,cwymanhd@etsy.com,Indonesia,97.65,TRUE,54.8
627,Catrina,Twinborough,24,ctwinboroughhe@freewebs.com,France,54.64,TRUE,58.47
628,Jolee,Filler,18,jfillerhf@blog.com,Germany,98.43,FALSE,96.64
629,Phip,Tweddle,22,ptweddlehg@army.mil,Portugal,69.74,TRUE,5.85
630,Phedra,Gingel,23,pgingelhh@telegraph.co.uk,France,0.78,FALSE,84.54
631,Brose,Lamble,22,blamblehi@addthis.com,Indonesia,70.31,FALSE,32.96
632,Sashenka,Yewdell,22,syewdellhj@hhs.gov,China,68.29,FALSE,93.63
633,Corene,Pactat,23,cpactathk@cbslocal.com,China,3.24,FALSE,62.79
634,Leonhard,Wanek,24,lwanekhl@bing.com,Portugal,87.07,FALSE,64.25
635,Ber,Farren,25,bfarrenhm@diigo.com,Afghanistan,11.29,TRUE,57.65
636,Ahmad,Lownes,19,alowneshn@tripod.com,Cameroon,0.94,TRUE,62.54
637,Sherry,Pedrollo,25,spedrolloho@ycombinator.com,Russia,82.72,TRUE,48.95
638,Burton,Reavell,21,breavellhp@123-reg.co.uk,Kazakhstan,52.61,FALSE,12.46
639,Tremayne,Sissot,19,tsissothq@cnet.com,France,75.57,TRUE,64.4
640,Glynda,Leonida,18,gleonidahr@chronoengine.com,Indonesia,72.66,TRUE,53.52
641,Dewain,Robberts,20,drobbertshs@taobao.com,Philippines,95.37,TRUE,79.6
642,Egan,Garth,24,egarthht@shutterfly.com,Brazil,19.72,TRUE,80.29
643,Ashlie,Guitt,18,aguitthu@chron.com,Brazil,35.8,TRUE,75.81
644,Cissy,Whyffen,25,cwhyffenhv@dion.ne.jp,Philippines,27.57,TRUE,24.04
645,Alix,Bentson,24,abentsonhw@yelp.com,China,28.29,TRUE,16.46
646,Niles,Peltz,21,npeltzhx@gizmodo.com,Norway,12.53,FALSE,58.88
647,Linnet,Burrass,20,lburrasshy@studiopress.com,Egypt,69.77,TRUE,36.5
648,Ginnie,Eyree,21,geyreehz@slashdot.org,Mauritius,14.25,TRUE,90.28
649,Hermia,Merrill,20,hmerrilli0@weebly.com,Philippines,19.16,FALSE,52.05
650,Jewell,Brandenburg,23,jbrandenburgi1@ebay.co.uk,Indonesia,43.23,TRUE,87.02
651,Hannis,Sausman,21,hsausmani2@pinterest.com,Tanzania,59.66,FALSE,32.79
652,Cindie,Tewnion,20,ctewnioni3@nytimes.com,France,84.24,TRUE,98.5
653,Emiline,Wormald,22,ewormaldi4@php.net,China,52.95,TRUE,84.89
654,Oriana,Selburn,20,oselburni5@quantcast.com,United States,47.09,TRUE,10.55
655,Eirena,Nares,22,enaresi6@salon.com,China,21.21,FALSE,90.57
656,Cass,Bauchop,21,cbauchopi7@wordpress.com,Philippines,40.81,FALSE,85.73
657,Esmeralda,Churn,24,echurni8@cyberchimps.com,Indonesia,33.84,TRUE,75.66
658,Dollie,O'Lynn,23,dolynni9@google.fr,South Africa,71.98,TRUE,47.48
659,Flor,Cliffe,19,fcliffeia@sciencedaily.com,Russia,56.79,TRUE,5.83
660,Haze,Durrans,25,hdurransib@ebay.com,Australia,18.76,TRUE,53.19
661,Jess,Papa,24,jpapaic@google.ru,Germany,57.78,TRUE,13.95
662,Aurelia,Pietasch,22,apietaschid@dagondesign.com,Peru,2.33,FALSE,47.82
663,Olivero,Grube,21,ogrubeie@google.it,China,58.71,TRUE,71.23
664,Travus,Godleman,22,tgodlemanif@fastcompany.com,Japan,80.9,TRUE,93.88
665,Ferris,Gregs,20,fgregsig@craigslist.org,Croatia,30.93,TRUE,62.94
666,Jody,Gilling,25,jgillingih@va.gov,Uzbekistan,15.82,TRUE,70.57
667,Judith,Brims,21,jbrimsii@miitbeian.gov.cn,Brazil,82.95,TRUE,84.78
668,Leonore,Pickwell,21,lpickwellij@nytimes.com,Bangladesh,5.73,FALSE,46.36
669,Glad,Livsey,21,glivseyik@blogger.com,Indonesia,23.92,TRUE,38.02
670,Rupert,Colborn,21,rcolbornil@is.gd,China,59.49,TRUE,22.86
671,Flore,Iskow,21,fiskowim@va.gov,China,95,FALSE,50.52
672,Buddie,Gloves,25,bglovesin@usnews.com,China,76.44,FALSE,53.43
673,Kendell,Dulton,23,kdultonio@cisco.com,China,86.09,FALSE,81.69
674,Thomas,Mockett,24,tmockettip@walmart.com,Czech Republic,66.93,TRUE,68.95
675,Ramonda,Cardenas,22,rcardenasiq@ihg.com,Netherlands,2.43,TRUE,89.59
676,Richmound,Shouler,18,rshoulerir@theguardian.com,Niger,45.7,TRUE,39.93
677,Kiley,Ranscome,18,kranscomeis@symantec.com,Indonesia,22.24,TRUE,4.41
678,Amata,Rathbourne,25,arathbourneit@ow.ly,Brazil,55.08,TRUE,27.78
679,Helsa,De-Ville,18,hdevilleiu@time.com,Indonesia,56.87,FALSE,17.4
680,Rooney,Elliker,24,rellikeriv@ox.ac.uk,Tanzania,17.42,TRUE,40.8
681,Delmar,Lodewick,18,dlodewickiw@sphinn.com,Uganda,78.4,FALSE,20.5
682,Kirbie,Futcher,18,kfutcherix@marriott.com,China,51.25,FALSE,81.03
683,Danie,Daviot,23,ddaviotiy@example.com,Tajikistan,23.51,TRUE,38.36
684,Ketty,Leigh,24,kleighiz@tumblr.com,Ireland,48.58,TRUE,61.33
685,Alica,Northedge,25,anorthedgej0@bandcamp.com,Indonesia,76.84,TRUE,90.46
686,Happy,Duxbarry,23,hduxbarryj1@npr.org,Pakistan,14.84,FALSE,28.74
687,Micki,Donizeau,22,mdonizeauj2@domainmarket.com,Nepal,53.11,TRUE,1.5
688,Rozanna,Josebury,21,rjoseburyj3@wix.com,Venezuela,72.1,TRUE,48.41
689,Danielle,Klemke,18,dklemkej4@vk.com,Colombia,46.67,FALSE,12.1
690,Juieta,Heinzel,21,jheinzelj5@reverbnation.com,Georgia,96.15,TRUE,81.93
691,Sher,Berk,24,sberkj6@nature.com,Ukraine,72.06,TRUE,24.11
692,Brande,Gooden,22,bgoodenj7@lulu.com,Greece,93.33,FALSE,99.57
693,Gates,De Normanville,19,gdenormanvillej8@meetup.com,Nigeria,75.57,FALSE,7.79
694,Boris,Schankelborg,18,bschankelborgj9@pen.io,China,0.59,FALSE,43.82
695,Cole,Maughan,24,cmaughanja@canalblog.com,China,4.96,TRUE,17.94
696,Devland,Bowcock,22,dbowcockjb@cmu.edu,China,69.34,TRUE,66.49
697,Blanca,Maunder,22,bmaunderjc@canalblog.com,Greece,56.54,FALSE,93.93
698,Abdel,Vlasyuk,22,avlasyukjd@cbslocal.com,Indonesia,96.05,TRUE,15.2
699,Harman,Royce,21,hroyceje@nhs.uk,Thailand,93.6,FALSE,71.46
700,Viviana,Brotherwood,19,vbrotherwoodjf@bravesites.com,Russia,98.37,TRUE,70.5
701,Elston,O'Sheils,22,eosheilsjg@free.fr,Philippines,59.35,FALSE,57.64
702,Aleksandr,Augustus,22,aaugustusjh@census.gov,Indonesia,29.04,FALSE,35.08
703,Tadeas,Hendrik,21,thendrikji@hibu.com,Poland,28.49,TRUE,96.9
704,Agnese,Mar,19,amarjj@drupal.org,Philippines,36.74,FALSE,72.37
705,Herby,Rubi,18,hrubijk@mozilla.org,China,62.53,TRUE,54.72
706,Dasi,Smylie,20,dsmyliejl@cyberchimps.com,Japan,97.93,TRUE,47.77
707,Barth,Rideout,21,brideoutjm@ox.ac.uk,Portugal,50.77,FALSE,79.48
708,Marnia,Weedall,22,mweedalljn@fda.gov,Pakistan,86.8,TRUE,41.51
709,Jenilee,Backen,20,jbackenjo@microsoft.com,China,50.51,FALSE,78.86
710,Phedra,Forbear,22,pforbearjp@sbwire.com,Russia,60.9,FALSE,73.5
711,Jacobo,Clemett,20,jclemettjq@omniture.com,Sweden,99.12,FALSE,37.5
712,Cal,Renney,25,crenneyjr@simplemachines.org,China,4.23,FALSE,17.26
713,Vachel,Casserly,25,vcasserlyjs@freewebs.com,Ukraine,19.61,TRUE,16.42
714,Jessamine,Fellenor,18,jfellenorjt@usnews.com,Russia,98.16,FALSE,34.64
715,Loralyn,Minter,20,lminterju@webeden.co.uk,Macedonia,15.45,TRUE,41.34
716,Mareah,Folley,18,mfolleyjv@elpais.com,China,69.76,TRUE,21.15
717,Niles,McAster,21,nmcasterjw@google.co.uk,China,16.9,TRUE,87.89
718,Dasie,Mepsted,22,dmepstedjx@bluehost.com,Venezuela,83.68,FALSE,63.76
719,Olympia,Ledgley,18,oledgleyjy@msu.edu,Russia,82.85,TRUE,73.41
720,Liana,Pead,22,lpeadjz@livejournal.com,Poland,39.68,FALSE,50.78
721,Con,Pithcock,24,cpithcockk0@youtube.com,Russia,10.73,FALSE,93.87
722,Cherise,Reid,23,creidk1@google.com.hk,Indonesia,44.08,FALSE,59.85
723,Evie,Boydle,25,eboydlek2@who.int,Iran,78.9,FALSE,35.88
724,Christoforo,Mark,22,cmarkk3@wiley.com,Portugal,91.7,TRUE,87.35
725,Zechariah,Cocke,22,zcockek4@nhs.uk,China,43.31,TRUE,65.03
726,Rosalinde,Anear,22,raneark5@tripadvisor.com,Ukraine,27.4,TRUE,65.12
727,Angela,Nannoni,23,anannonik6@abc.net.au,China,87.29,FALSE,47.88
728,Gordie,Rickardsson,21,grickardssonk7@skyrock.com,United States,9.07,FALSE,58.19
729,Shayne,Waldram,22,swaldramk8@marketwatch.com,France,51.31,TRUE,78.15
730,Jeanna,Scaddon,23,jscaddonk9@webeden.co.uk,Thailand,15.61,TRUE,53.8
731,Sherwin,Ginnety,19,sginnetyka@blinklist.com,China,86.02,TRUE,11.11
732,Ariana,Esley,22,aesleykb@prlog.org,China,53.59,FALSE,95.07
733,Lorilee,Widocks,18,lwidockskc@bbc.co.uk,Kazakhstan,21.2,FALSE,54.23
734,Lissie,Lamport,21,llamportkd@gnu.org,Japan,87.2,TRUE,73.34
735,Yasmin,Copestick,23,ycopestickke@wisc.edu,Dominican Republic,68.08,TRUE,36.55
736,Lynnelle,McArley,20,lmcarleykf@bravesites.com,China,63.87,FALSE,48.92
737,Garner,Woolf,18,gwoolfkg@oracle.com,Brazil,47.83,FALSE,56.36
738,Anica,Masters,21,amasterskh@buzzfeed.com,Indonesia,66.74,FALSE,84.97
739,Lizabeth,Pitcaithly,25,lpitcaithlyki@nature.com,Philippines,84.17,TRUE,22.89
740,Odie,Sallier,22,osallierkj@epa.gov,China,9.07,TRUE,3.73
741,Kara-lynn,Eidelman,18,keidelmankk@miitbeian.gov.cn,China,67.77,FALSE,61.58
742,Elna,Quarrell,23,equarrellkl@statcounter.com,Indonesia,84.1,FALSE,19.87
743,Neysa,Henbury,23,nhenburykm@com.com,Poland,13.59,TRUE,41.56
744,Deirdre,Matterson,20,dmattersonkn@wordpress.com,China,69.48,TRUE,90.76
745,Elsworth,Igonet,20,eigonetko@ted.com,Ukraine,43.59,FALSE,67.51
746,Farand,Hartington,24,fhartingtonkp@ycombinator.com,Serbia,19.39,TRUE,56.88
747,Ralf,Densun,20,rdensunkq@ihg.com,Russia,53.28,FALSE,73.43
748,Diannne,Reddihough,18,dreddihoughkr@whitehouse.gov,Czech Republic,80.8,TRUE,38.24
749,Huey,Ege,19,hegeks@chicagotribune.com,Sweden,29.13,TRUE,95.46
750,Lillis,Beszant,24,lbeszantkt@google.com.br,Yemen,46.66,TRUE,27.79
751,Emmye,Assender,22,eassenderku@omniture.com,Ecuador,51.92,FALSE,31.92
752,Sheelagh,Treadgall,25,streadgallkv@list-manage.com,Poland,39.88,FALSE,12.67
753,Yoshiko,Partkya,24,ypartkyakw@jugem.jp,Philippines,81.34,FALSE,64.51
754,Sammie,Bridgement,18,sbridgementkx@mayoclinic.com,Ireland,43.1,TRUE,44.35
755,Tally,Hoofe,19,thoofeky@facebook.com,China,36.79,FALSE,88.33
756,Lynnea,Fyldes,20,lfyldeskz@webmd.com,Greece,15.88,FALSE,62.29
757,Anna-diane,Leber,18,aleberl0@va.gov,Japan,53.91,FALSE,29
758,Heidi,Seaborn,25,hseabornl1@cbsnews.com,Afghanistan,86.99,TRUE,100
759,Carmelita,Jickles,20,cjicklesl2@homestead.com,Indonesia,41.71,FALSE,80.29
760,Farlie,Dunckley,19,fdunckleyl3@free.fr,Greece,37.02,TRUE,22.18
761,Allistir,Karolyi,22,akarolyil4@upenn.edu,Vietnam,24.32,FALSE,96.18
762,Marci,Middle,24,mmiddlel5@adobe.com,China,32.67,FALSE,41.72
763,Leslie,Scranney,24,lscranneyl6@cbslocal.com,France,35.94,TRUE,2.22
764,Russell,Mallan,23,rmallanl7@desdev.cn,Nigeria,78.31,TRUE,20.2
765,Rochester,Laydon,19,rlaydonl8@lycos.com,Yemen,29.83,TRUE,1.21
766,Florida,Loggie,23,floggiel9@nytimes.com,Greece,19.79,FALSE,90.31
767,Bren,Gannicleff,19,bgannicleffla@bigcartel.com,Ukraine,50.01,TRUE,0.99
768,Vania,Cauderlie,22,vcauderlielb@earthlink.net,China,92.99,FALSE,77.84
769,Oren,Slate,19,oslatelc@soundcloud.com,Indonesia,32.33,TRUE,81.91
770,Elnora,Scoggins,24,escogginsld@zdnet.com,Belarus,72.62,FALSE,40.32
771,Beauregard,Titmarsh,19,btitmarshle@salon.com,Philippines,15.63,TRUE,17.19
772,Rafaello,Wyndham,19,rwyndhamlf@springer.com,Argentina,31.86,FALSE,19.91
773,Rainer,Pavlitschek,24,rpavlitscheklg@qq.com,Uzbekistan,99.67,FALSE,87.69
774,Adara,McCaighey,24,amccaigheylh@msn.com,Croatia,47.26,FALSE,89.55
775,Jayme,Kobierski,24,jkobierskili@time.com,Spain,51.34,TRUE,35.46
776,Matias,Brandoni,18,mbrandonilj@buzzfeed.com,Indonesia,83.81,FALSE,57.14
777,Abe,D'Costa,22,adcostalk@usatoday.com,Portugal,91.34,TRUE,15.2
778,Rubia,Fenners,22,rfennersll@cbsnews.com,Kazakhstan,18.21,FALSE,6.9
779,Alphard,Brownrigg,18,abrownrigglm@cnbc.com,Mexico,22.76,TRUE,3.4
780,Sollie,Bauld,19,sbauldln@nbcnews.com,Mongolia,79.65,FALSE,38.03
781,Kris,Ebden,18,kebdenlo@amazon.com,Zimbabwe,76.73,FALSE,96.23
782,Darcy,Haynesford,22,dhaynesfordlp@example.com,Greece,68.89,FALSE,35.82
783,Eilis,Dedam,21,ededamlq@twitter.com,Indonesia,88.57,TRUE,1.36
784,Maire,McClune,21,mmcclunelr@comsenz.com,Indonesia,4.3,FALSE,1.16
785,Ailene,Gehrtz,23,agehrtzls@miibeian.gov.cn,Philippines,53.56,TRUE,65.35
786,Sophey,Dumbellow,21,sdumbellowlt@who.int,United Arab Emirates,68.8,TRUE,23.62
787,Bat,Henricsson,23,bhenricssonlu@over-blog.com,Brazil,23.33,TRUE,32.53
788,Carri,Tivenan,24,ctivenanlv@tamu.edu,China,69.69,TRUE,84.97
789,Peyter,Adamovicz,24,padamoviczlw@woothemes.com,Philippines,8.28,FALSE,38.68
790,See,Attewill,25,sattewilllx@ifeng.com,Philippines,17.6,FALSE,4.28
791,Filmer,Roony,21,froonyly@ed.gov,China,59.52,FALSE,77.03
792,Derby,Kippie,23,dkippielz@ow.ly,United States,17.22,TRUE,38.75
793,Sinclare,Kershaw,20,skershawm0@ox.ac.uk,Brazil,4.32,FALSE,26.05
794,Erina,Spinage,19,espinagem1@moonfruit.com,Poland,67.38,FALSE,64.64
795,Brandy,Amberger,20,bambergerm2@reverbnation.com,Germany,38.58,FALSE,28.6
796,Everett,Morratt,19,emorrattm3@hatena.ne.jp,Brazil,22.77,TRUE,97.99
797,Hector,Battlestone,23,hbattlestonem4@huffingtonpost.com,Croatia,68.3,TRUE,13.29
798,Eleanora,Chancelier,20,echancelierm5@woothemes.com,Indonesia,9.27,TRUE,77.6
799,Leeanne,Jefferies,19,ljefferiesm6@networksolutions.com,Albania,90.47,FALSE,35.67
800,Terri,Hiley,23,thileym7@cisco.com,China,6.48,FALSE,59.26
801,Amelia,Bountiff,24,abountiffm8@so-net.ne.jp,Czech Republic,41.23,FALSE,54.48
802,Joycelin,Annakin,22,jannakinm9@aboutads.info,Canada,42.12,FALSE,30.72
803,Van,Matijevic,25,vmatijevicma@eventbrite.com,Indonesia,58.64,TRUE,52.89
804,Beverley,Uttermare,25,buttermaremb@woothemes.com,Philippines,4.44,TRUE,89.76
805,Mort,Rorke,25,mrorkemc@telegraph.co.uk,Kosovo,69.39,FALSE,51.5
806,Allyn,Sibbit,19,asibbitmd@earthlink.net,China,99.19,FALSE,72.51
807,Michele,Ales0,22,malesme@goo.gl,China,63.2,TRUE,21.92
808,Cece,Liepins,21,cliepinsmf@fda.gov,Russia,67.22,FALSE,22.51
809,Jacintha,Krinks,19,jkrinksmg@buzzfeed.com,Indonesia,93.05,FALSE,56.28
810,Torie,Dyster,19,tdystermh@slideshare.net,Egypt,64.3,TRUE,35.01
811,Say,Trodden,18,stroddenmi@biblegateway.com,Guatemala,7.68,FALSE,95.06
812,Jamima,Dudgeon,25,jdudgeonmj@forbes.com,Indonesia,26.08,FALSE,33.99
813,Connor,Hustings,23,chustingsmk@imgur.com,Portugal,38.6,FALSE,49.68
814,Tracy,Blemen,18,tblemenml@parallels.com,Indonesia,33.24,FALSE,8.6
815,Mariana,Sandcraft,19,msandcraftmm@state.gov,China,63.59,FALSE,57.23
816,Matthiew,Dabbes,22,mdabbesmn@quantcast.com,South Africa,75.52,TRUE,90.4
817,Cristine,Prudham,18,cprudhammo@ox.ac.uk,Lithuania,65.08,FALSE,41.31
818,Ezechiel,Durward,22,edurwardmp@freewebs.com,China,81.08,TRUE,68.29
819,Clevey,Berard,21,cberardmq@dell.com,Russia,48.07,FALSE,34.32
820,Kayley,Sheehy,21,ksheehymr@examiner.com,Ecuador,76.24,FALSE,77.59
821,Ingmar,Balnaves,19,ibalnavesms@slideshare.net,Sweden,51.24,FALSE,38.63
822,Gaylene,Folbige,21,gfolbigemt@php.net,Vietnam,63.54,TRUE,92.93
823,Oneida,Boissier,18,oboissiermu@123-reg.co.uk,China,76.33,FALSE,21.12
824,Nata,Spykings,24,nspykingsmv@hubpages.com,Indonesia,18.99,TRUE,56.75
825,Cathy,Pennington,19,cpenningtonmw@mac.com,Indonesia,16.21,TRUE,29.61
826,Donnie,De Benedictis,20,ddebenedictismx@wsj.com,Russia,97.26,TRUE,21.9
827,Halimeda,Legonidec,19,hlegonidecmy@geocities.jp,Poland,20.27,FALSE,64.95
828,Arlin,Loud,21,aloudmz@yahoo.com,Peru,50.42,FALSE,1.7
829,Ignatius,Josling,21,ijoslingn0@pagesperso-orange.fr,Greece,28.89,TRUE,46.38
830,Reine,Madgewick,22,rmadgewickn1@nytimes.com,Portugal,89.28,TRUE,75.83
831,Dina,Marsham,20,dmarshamn2@bandcamp.com,Iraq,70.66,FALSE,34.24
832,Northrup,Foucher,24,nfouchern3@slashdot.org,China,2.56,TRUE,99.18
833,Samuele,Vardie,25,svardien4@mashable.com,Philippines,60.72,FALSE,0.89
834,Camille,Capnerhurst,25,ccapnerhurstn5@homestead.com,Russia,84.94,FALSE,40.34
835,Meade,Garforth,23,mgarforthn6@yahoo.com,Sweden,12.17,TRUE,1.34
836,Wolfie,Skahill,22,wskahilln7@eventbrite.com,Macedonia,45.43,FALSE,83.13
837,Noelle,Gainsbury,21,ngainsburyn8@washingtonpost.com,Indonesia,55.98,TRUE,8.4
838,Amalee,Shearsby,22,ashearsbyn9@xing.com,China,97.62,FALSE,78.06
839,Wallace,Linggard,24,wlinggardna@jigsy.com,China,52.63,TRUE,33.83
840,Skippy,Rosel,25,sroselnb@friendfeed.com,Greece,61.01,FALSE,93.33
841,Mireille,Stiddard,21,mstiddardnc@irs.gov,Indonesia,26.11,FALSE,21.96
842,Kerianne,Duckels,19,kduckelsnd@bloglovin.com,Japan,14.04,TRUE,59.07
843,Errick,Gabler,24,egablerne@apple.com,Serbia,58.61,FALSE,62.26
844,Denice,Minchin,24,dminchinnf@cocolog-nifty.com,Russia,36.08,TRUE,95.27
845,Kenon,Keble,19,kkebleng@so-net.ne.jp,Poland,39.93,FALSE,9.57
846,Jenni,Clemencet,24,jclemencetnh@goo.gl,Philippines,20.2,TRUE,33.27
847,Kahaleel,Boake,25,kboakeni@chicagotribune.com,Philippines,56.17,TRUE,51.53
848,Free,Orgee,24,forgeenj@csmonitor.com,Vietnam,2.34,TRUE,83.98
849,Ada,Ference,23,aferencenk@is.gd,China,62.36,TRUE,61.12
850,Charley,Comar,21,ccomarnl@pcworld.com,Indonesia,77,TRUE,33.42
851,Taite,Rubury,21,truburynm@sogou.com,Indonesia,52.84,FALSE,30.41
852,Joellyn,Terrans,19,jterransnn@youtube.com,Ukraine,46.13,TRUE,29.88
853,Pietrek,Billings,25,pbillingsno@fastcompany.com,United States,62.49,TRUE,62.21
854,Shaylyn,Isack,22,sisacknp@cornell.edu,Poland,89.55,TRUE,27.74
855,Bil,McKibbin,19,bmckibbinnq@senate.gov,Philippines,7.14,FALSE,88.93
856,Guthrie,Sparkwill,21,gsparkwillnr@irs.gov,United States,87.72,TRUE,21.1
857,Lennard,Staneland,23,lstanelandns@tripadvisor.com,Russia,45.45,FALSE,14.58
858,Randall,Dellenbrook,24,rdellenbrooknt@engadget.com,Indonesia,9.77,FALSE,80.73
859,Cort,Annetts,22,cannettsnu@oracle.com,Russia,45.01,TRUE,77.57
860,Thorpe,Sheekey,19,tsheekeynv@nationalgeographic.com,Sweden,82.57,FALSE,45.92
861,Cly,Hatton,24,chattonnw@weather.com,Poland,68.14,FALSE,14.84
862,Merilyn,Murtagh,21,mmurtaghnx@vistaprint.com,Portugal,30.93,TRUE,36.4
863,Celestine,Hodgets,25,chodgetsny@yellowpages.com,Russia,37.82,FALSE,51.66
864,Morgan,Serjent,23,mserjentnz@bravesites.com,Czech Republic,36.17,FALSE,62.88
865,Lowe,Rouf,24,lroufo0@deliciousdays.com,France,48.22,FALSE,27.35
866,Rozanne,Bartlomiej,21,rbartlomiejo1@patch.com,Indonesia,36.59,TRUE,18.07
867,Brandais,Norcott,18,bnorcotto2@merriam-webster.com,Indonesia,36.7,FALSE,1.23
868,Esteban,Cicullo,18,eciculloo3@nyu.edu,Lithuania,82.99,TRUE,10.71
869,Spence,Castledine,23,scastledineo4@edublogs.org,Czech Republic,23.92,FALSE,30.21
870,Wald,Camamile,21,wcamamileo5@simplemachines.org,China,33.12,TRUE,89.07
871,Agnola,Wyles,20,awyleso6@va.gov,Philippines,78.13,FALSE,96.06
872,Garland,Llewellen,20,gllewelleno7@hexun.com,China,29.77,FALSE,82.2
873,Juliette,Beebis,19,jbeebiso8@simplemachines.org,Thailand,90.26,TRUE,31.71
874,Robinette,Calway,20,rcalwayo9@fotki.com,Iran,70.73,TRUE,22.69
875,Kaiser,Pentlow,20,kpentlowoa@topsy.com,China,31.3,FALSE,9.99
876,Michel,Colthard,23,mcolthardob@businessinsider.com,Czech Republic,98.35,TRUE,65.82
877,Kai,Sponer,18,ksponeroc@prweb.com,Pakistan,70.97,FALSE,88.55
878,Nanine,Lundy,18,nlundyod@a8.net,Philippines,40.47,TRUE,39.88
879,Yancey,Cubbini,22,ycubbinioe@qq.com,Zambia,48.33,FALSE,57.21
880,Rowney,Faas,18,rfaasof@europa.eu,Philippines,92.78,TRUE,45.11
881,Rolf,Adenot,24,radenotog@intel.com,Portugal,99.69,TRUE,48.64
882,Geordie,Grimmolby,25,ggrimmolbyoh@cbslocal.com,Russia,77.84,FALSE,50.55
883,Peterus,Zeplin,20,pzeplinoi@nymag.com,Germany,52.88,TRUE,99.27
884,Mufinella,Grosier,24,mgrosieroj@cbc.ca,Estonia,91.32,FALSE,98.32
885,Karlen,Banner,20,kbannerok@prlog.org,France,59.87,TRUE,18.52
886,Godfrey,Dunkley,19,gdunkleyol@soup.io,Indonesia,73.13,FALSE,55.17
887,Tobiah,Parmley,22,tparmleyom@multiply.com,Indonesia,7.56,FALSE,29.83
888,Griffin,Hutsby,25,ghutsbyon@devhub.com,China,30.22,FALSE,86.31
889,Johny,Goscar,23,jgoscaroo@acquirethisname.com,China,98.29,FALSE,15.47
890,Adina,Derricoat,23,aderricoatop@aboutads.info,United States,55.84,TRUE,99.09
891,Sidonia,O' Brian,18,sobrianoq@wisc.edu,Indonesia,99.27,FALSE,90.49
892,Mort,Menaul,20,mmenaulor@youtu.be,Ukraine,29.57,FALSE,29.09
893,Nobe,Mullard,25,nmullardos@berkeley.edu,Georgia,49.48,TRUE,66.75
894,Sherm,Donet,22,sdonetot@sourceforge.net,United States,33.26,FALSE,85.96
895,Lissi,Feldon,23,lfeldonou@blogtalkradio.com,China,40.17,TRUE,85.19
896,Debbi,Corteis,21,dcorteisov@go.com,Dominican Republic,44.18,FALSE,85.29
897,Harriet,Skoggings,19,hskoggingsow@addthis.com,China,20.97,TRUE,29.29
898,Masha,Balogh,19,mbaloghox@oakley.com,China,39.93,FALSE,69.11
899,Dolorita,Coster,24,dcosteroy@reference.com,Russia,6.27,TRUE,26.64
900,Davie,Mackerel,25,dmackereloz@samsung.com,Croatia,51.22,FALSE,60.89
901,Chance,McKiernan,22,cmckiernanp0@opera.com,Japan,98.64,FALSE,91.78
902,Bron,Bau,24,bbaup1@blogtalkradio.com,Moldova,51.41,FALSE,19.62
903,Orlando,Winnard,18,owinnardp2@columbia.edu,Brazil,99.89,TRUE,92.43
904,Dawn,Bangley,20,dbangleyp3@webmd.com,China,78.89,FALSE,78.27
905,Jacobo,Odgaard,21,jodgaardp4@hatena.ne.jp,Indonesia,81.5,FALSE,24.02
906,Lucine,Snowden,18,lsnowdenp5@zimbio.com,France,85.09,TRUE,20.39
907,Lucine,Fareweather,24,lfareweatherp6@woothemes.com,Israel,96.12,FALSE,72.16
908,Rab,Guswell,24,rguswellp7@typepad.com,Croatia,21.68,FALSE,81.02
909,Dario,Deering,25,ddeeringp8@state.gov,China,25.31,FALSE,97.67
910,Larry,Kerswell,24,lkerswellp9@washington.edu,China,58.22,FALSE,75.4
911,Vikky,Emanulsson,22,vemanulssonpa@hatena.ne.jp,France,21.29,TRUE,29.13
912,Kev,Bendixen,23,kbendixenpb@vkontakte.ru,China,87.9,TRUE,20.29
913,Elizabeth,Oxx,22,eoxxpc@flickr.com,Pakistan,17.38,TRUE,44.92
914,Hasheem,Bollon,19,hbollonpd@lycos.com,Russia,52.91,TRUE,98.58
915,Stella,Smurthwaite,20,ssmurthwaitepe@drupal.org,China,83.71,TRUE,78.89
916,Penn,Fetterplace,23,pfetterplacepf@webs.com,Poland,15.53,FALSE,37.25
917,Bobine,Alstead,22,balsteadpg@meetup.com,Palestinian Territory,12.95,TRUE,81.9
918,Barclay,Kittel,21,bkittelph@wufoo.com,Czech Republic,9.84,FALSE,99.02
919,Valene,Vel,22,vvelpi@sciencedaily.com,Brazil,21.43,FALSE,33.96
920,Kimmie,Stiller,23,kstillerpj@a8.net,Russia,67.21,TRUE,76.22
921,Brook,Cullinan,18,bcullinanpk@cocolog-nifty.com,Colombia,39.2,FALSE,48.2
922,Murdock,Beane,21,mbeanepl@cyberchimps.com,Indonesia,2.98,TRUE,45.83
923,Xena,Colchett,19,xcolchettpm@bigcartel.com,Ukraine,13.23,TRUE,30.05
924,Darbie,Vasse,22,dvassepn@facebook.com,Chile,75.19,TRUE,3.16
925,Jackelyn,Kaplin,22,jkaplinpo@etsy.com,Chad,80.12,TRUE,2.03
926,Forbes,Kroll,18,fkrollpp@ihg.com,Brazil,36.12,FALSE,0.22
927,Isahella,Jennemann,21,ijennemannpq@cbslocal.com,Japan,84.79,TRUE,9.6
928,Ludovika,Shmyr,25,lshmyrpr@pbs.org,France,71.61,TRUE,48.83
929,Mycah,Issacson,18,missacsonps@livejournal.com,Morocco,75.52,FALSE,89.31
930,Cassandre,Jagoe,18,cjagoept@independent.co.uk,Russia,24.91,FALSE,2.3
931,Dee,McMorran,20,dmcmorranpu@github.com,Brazil,70.44,TRUE,68.11
932,Letitia,Bettaney,23,lbettaneypv@wufoo.com,Indonesia,73.2,FALSE,50.41
933,Chandler,Carnilian,22,ccarnilianpw@answers.com,China,16.83,TRUE,23.98
934,Aleece,McCunn,21,amccunnpx@bravesites.com,China,64.97,TRUE,25.61
935,Roshelle,Dundredge,18,rdundredgepy@g.co,Indonesia,29.32,FALSE,37.78
936,Adina,Quin,18,aquinpz@youtube.com,Canada,81.58,FALSE,80.5
937,Nicola,Freezer,19,nfreezerq0@gravatar.com,Peru,58.89,TRUE,87.14
938,Harald,Huchot,21,hhuchotq1@nasa.gov,Azerbaijan,48.54,FALSE,78.52
939,Kit,Jinkin,21,kjinkinq2@etsy.com,China,3.62,TRUE,82.69
940,Tildie,Haggata,21,thaggataq3@sfgate.com,Indonesia,4.3,FALSE,76.82
941,Tito,Velten,23,tveltenq4@51.la,Colombia,16.27,TRUE,56.39
942,Archambault,McGifford,18,amcgiffordq5@ucsd.edu,Portugal,87.45,FALSE,13.76
943,Kelby,O'Criane,20,kocrianeq6@columbia.edu,United States,53.49,FALSE,61.11
944,Lorrayne,Sheals,20,lshealsq7@baidu.com,Indonesia,41.89,FALSE,14.32
945,Brittan,Palffy,24,bpalffyq8@live.com,Russia,42.93,FALSE,69.11
946,Aldis,Koop,25,akoopq9@indiatimes.com,Philippines,72.97,FALSE,33.67
947,Jarrad,Miebes,24,jmiebesqa@nih.gov,Russia,94.82,FALSE,46.49
948,Micky,Daelman,21,mdaelmanqb@booking.com,Portugal,89.37,TRUE,4.95
949,Stewart,Santon,25,ssantonqc@baidu.com,China,70.99,FALSE,55.7
950,Rudiger,Kebbell,23,rkebbellqd@walmart.com,China,53.18,TRUE,23.35
951,Gottfried,Japp,21,gjappqe@guardian.co.uk,Guinea,15.64,FALSE,90.56
952,Carolynn,Royson,20,croysonqf@qq.com,Sierra Leone,57.71,FALSE,86.28
953,Biddie,Twining,20,btwiningqg@nih.gov,Nigeria,74.08,TRUE,93.29
954,Bartlet,Ramsby,21,bramsbyqh@rambler.ru,China,16.87,TRUE,89.5
955,Jami,Boots,20,jbootsqi@netscape.com,Kenya,1.1,FALSE,13.99
956,Maren,Bedinham,19,mbedinhamqj@altervista.org,Cameroon,66.57,FALSE,44.06
957,Jamal,Dickens,25,jdickensqk@dailymail.co.uk,Kazakhstan,22.14,TRUE,10.37
958,Tibold,Boreham,22,tborehamql@answers.com,Ukraine,74.45,FALSE,78.99
959,Brett,Ghiraldi,21,bghiraldiqm@china.com.cn,Philippines,5.04,FALSE,12.11
960,Olimpia,Rive,25,oriveqn@washingtonpost.com,Argentina,23.44,TRUE,51.25
961,Borden,Begbie,22,bbegbieqo@bloglines.com,Afghanistan,28.01,FALSE,27.09
962,Auria,Challicombe,25,achallicombeqp@indiatimes.com,Poland,3.57,TRUE,63.78
963,Carmine,Crisall,19,ccrisallqq@elegantthemes.com,Indonesia,23.19,TRUE,47.83
964,Timoteo,Greiswood,22,tgreiswoodqr@google.com.br,Indonesia,53.9,FALSE,51.05
965,Annmaria,Lisamore,19,alisamoreqs@mlb.com,Indonesia,46.24,FALSE,70.74
966,Loralyn,Lyle,19,llyleqt@apache.org,Ireland,46.24,TRUE,87.42
967,Kristian,McPeeters,23,kmcpeetersqu@xing.com,France,96.41,FALSE,96.81
968,Travers,Goble,18,tgobleqv@hubpages.com,Canada,5.03,TRUE,58.29
969,Andrea,Cordy,20,acordyqw@last.fm,China,43.24,TRUE,92.37
970,Dorisa,Elcombe,23,delcombeqx@boston.com,Chile,94.04,TRUE,91
971,Prue,Davidov,25,pdavidovqy@china.com.cn,China,83.45,TRUE,26.61
972,Josiah,Caso,23,jcasoqz@goo.ne.jp,Guatemala,31.9,FALSE,63.64
973,Fairlie,Nathon,24,fnathonr0@cyberchimps.com,China,84.83,FALSE,73.42
974,Ibby,Lightwood,18,ilightwoodr1@jigsy.com,China,71.31,FALSE,5.38
975,Devon,Oby,20,dobyr2@dyndns.org,Palestinian Territory,53.3,TRUE,19.28
976,Amandi,Girardot,23,agirardotr3@wikipedia.org,France,88.39,FALSE,74.18
977,Krystyna,Gimblet,25,kgimbletr4@pen.io,Philippines,45.97,TRUE,62.11
978,Katy,Ainley,23,kainleyr5@yelp.com,Afghanistan,72.37,TRUE,52.85
979,Donica,Spaight,20,dspaightr6@smh.com.au,Czech Republic,84.06,FALSE,73.22
980,Luce,Garz,19,lgarzr7@hao123.com,United States,2.87,FALSE,83.17
981,Cole,Royl,18,croylr8@forbes.com,United States,37.6,FALSE,72.73
982,Easter,Falkus,23,efalkusr9@princeton.edu,Botswana,67.71,TRUE,8.1
983,Kimberlyn,Okroy,20,kokroyra@bing.com,China,16.98,FALSE,85.54
984,Andi,Feake,21,afeakerb@paginegialle.it,Vietnam,79.65,FALSE,95.81
985,Sandi,Airds,20,sairdsrc@smugmug.com,Czech Republic,71.57,TRUE,5.04
986,Rozina,Blythe,24,rblytherd@buzzfeed.com,Brazil,30.95,FALSE,70.79
987,Lanie,Wein,23,lweinre@forbes.com,Venezuela,10.02,TRUE,43.06
988,Nev,Burbank,24,nburbankrf@mysql.com,Vietnam,71.52,FALSE,87.74
989,Chrystel,Greschik,25,cgreschikrg@dot.gov,Armenia,62.04,FALSE,15.33
990,Terrie,Torrese,25,ttorreserh@ask.com,Egypt,84.95,FALSE,55.32
991,Aloin,Measham,23,ameashamri@miibeian.gov.cn,Indonesia,10.85,FALSE,97.36
992,Jefferey,Wiburn,23,jwiburnrj@furl.net,Poland,32.22,TRUE,29.4
993,Guntar,Vaugham,18,gvaughamrk@vistaprint.com,China,3.31,FALSE,79.75
994,Simone,Askem,24,saskemrl@clickbank.net,France,7.28,FALSE,62.81
995,Kaylil,Robe,18,kroberm@ebay.co.uk,China,89.23,FALSE,72.67
996,Nona,Imms,21,nimmsrn@wikimedia.org,Japan,52.98,FALSE,46.73
997,Allyson,O'Lahy,23,aolahyro@howstuffworks.com,Peru,71.45,TRUE,37.16
998,Alena,Sketchley,22,asketchleyrp@japanpost.jp,Peru,81.44,TRUE,8.99
999,Pippy,Feldstern,18,pfeldsternrq@mlb.com,Serbia,62.56,TRUE,13.02
1000,Robinet,Broady,20,rbroadyrr@about.me,Indonesia,65.42,TRUE,21.11
